-- phpMyAdmin SQL Dump
-- version 3.5.8.2
-- http://www.phpmyadmin.net
--
-- Host: localhost
-- Server version: 5.5.53-0ubuntu0.14.04.1
-- PHP Version: 5.5.9-1ubuntu4.20

SET SQL_MODE="NO_AUTO_VALUE_ON_ZERO";
SET time_zone = "+00:00";


/*!40101 SET @OLD_CHARACTER_SET_CLIENT=@@CHARACTER_SET_CLIENT */;
/*!40101 SET @OLD_CHARACTER_SET_RESULTS=@@CHARACTER_SET_RESULTS */;
/*!40101 SET @OLD_COLLATION_CONNECTION=@@COLLATION_CONNECTION */;
/*!40101 SET NAMES utf8 */;

--
-- Database: `provision`
--

-- --------------------------------------------------------

--
-- Table structure for table `accounts`
--

CREATE TABLE IF NOT EXISTS `accounts` (
  `id` bigint(21) unsigned NOT NULL AUTO_INCREMENT,
  `position_id` bigint(21) unsigned NOT NULL,
  `software_id` bigint(21) unsigned NOT NULL,
  `login` varchar(45) DEFAULT NULL,
  `pasword` varchar(2048) DEFAULT NULL,
  `digi_certs` text,
  `restore_phone` varchar(14) DEFAULT NULL,
  `restore_email` varchar(45) DEFAULT NULL,
  `restore_responce` varchar(2048) DEFAULT NULL,
  `uri_addr` varchar(128) DEFAULT NULL,
  `last_update` datetime DEFAULT NULL,
  PRIMARY KEY (`id`),
  KEY `fk_accounts_position1_idx` (`position_id`),
  KEY `fk_accounts_software1_idx` (`software_id`)
) ENGINE=InnoDB  DEFAULT CHARSET=utf8 AUTO_INCREMENT=4 ;

--
-- Dumping data for table `accounts`
--

INSERT INTO `accounts` (`id`, `position_id`, `software_id`, `login`, `pasword`, `digi_certs`, `restore_phone`, `restore_email`, `restore_responce`, `uri_addr`, `last_update`) VALUES
(1, 1, 10, 'LINK', '', '', '', '', '', 'http://192.168.2.100/', '2000-01-01 00:00:00'),
(2, 3, 19, 'user35', '44sz89sz05', '', '', '', '', 'host://192.168.2.182/', '2000-01-01 00:00:00'),
(3, 4, 19, 'work', 'Rdfhnbhf!', '', '', '', '', 'host://192.168.2.151/', '2000-01-01 00:00:00');

-- --------------------------------------------------------

--
-- Table structure for table `company`
--

CREATE TABLE IF NOT EXISTS `company` (
  `id` bigint(21) unsigned NOT NULL AUTO_INCREMENT,
  `name` varchar(45) NOT NULL,
  `short_name` varchar(45) DEFAULT NULL,
  `company_site` varchar(45) DEFAULT NULL,
  `digi_certs` text COMMENT 'string for encrypt here accounts',
  PRIMARY KEY (`id`)
) ENGINE=InnoDB  DEFAULT CHARSET=utf8 AUTO_INCREMENT=3 ;

--
-- Dumping data for table `company`
--

INSERT INTO `company` (`id`, `name`, `short_name`, `company_site`, `digi_certs`) VALUES
(1, 'Смарт', 'R1', 'https://smart.ru/', '''h7IY4V%2FpbcHfHzq%2FaM6lDCWvOh8n%2BHQ9kho65%2FesSbjABXPb%2FHUvecOw3vhsaJ9xSUFMbnZ%2BQy%2FBTYSltbLtgixUL9bAXDKdra1TFJSjON5AZOXrWX9b1uBo7DIWjzCGa1ARnVt6BvL5cyGa%2B9MVo4aYHr6rU%2BEvFvIEn0WMkVlXxjiDYlJQpVlaPgvmCMMZBynJYOZVq6QDJpqLNW0vhgytLX?gaT4KYbc107bmkUu9S3ka0zRSsgkLxGOYhRKC7qyva%2FN9LE2v8XeTsSNVVIpnPn9%2BCTruxIIrAIbvtwuM9gvir87oKyWfO20BQGaezHMhmNgV6n75jmAPBPDwZxeSkCP0HNUe0f2psRjU328CbZPoETcNRxbdu1Ms%2FuWc0bEF0T30aY8WN5Mq1%2F4RYafLJZQVPSPqB%2FHoifh7UHR4ClJ2yId40zFKUJGmdwGFqNq1z7TtZNXMA29BjGzgYwpWcsChQZzGNsD7TwkdStSltY%2BuHi!bEQ7cHQ4j9Gp%2BSRHw7rLrOVpv4ta5zet2ZSf3a44%2BZABZMm1W55%2FyUoP7exoj1P24SXN41lQ%2BmrQK4i%2BAPbHWkuH2J9JkYzfq3lhPVQGQ3O9lIWLsussjC7RbhZuWlQN9%2FC4jhyny8KAI6EIYRpzf]5smAwEtW2PLlg7a7WCdrkdwhDzPnR%2BbgtLgbqTlsWtGti6DkNU@#nDv%2F[k%2F89%2BhgzNZamZpU07d5Hg%2B6YDctMYaGTGTXfO%2FbUcVOlWgNQaR2txVWCU87m0jkh8azsNfcDKFDHFuzMxAcPBBRBSFHtGuKZ65jIE7ICzpYHtYvzosPhBte9Dj1S9ZV0xlK3HMjfr8i7NTcxcTZlK0Jeo6zmlVCu7kfBy2GFXvn3GlFtciYxLeNy%2BMrYV4PYYY7U7oup73X^C8f"M%2FiPVhlgjFfxYiAB917XWMc2kdjYq1GlAR6hXQLrVmPXkJPOuVFAo7n6aZp3y2v%2B1xT6QFaWzliYOy5%2BQk0PiAQvyQM0HVrqaeHrLBMeyb1jEydwHAMdzkH8%2BrefTgHV41HKtC%2Fuf78E7A2fEBqD!j1VEYzJXtYs%2Ft51o688Vs1p56jVpnnVgzc'';\r\n'),
(2, 'test', '', '', '\r\n');

-- --------------------------------------------------------

--
-- Table structure for table `duties`
--

CREATE TABLE IF NOT EXISTS `duties` (
  `id` bigint(21) unsigned NOT NULL AUTO_INCREMENT,
  `position_id` bigint(21) unsigned NOT NULL,
  `scope_id` bigint(21) unsigned NOT NULL,
  `with_team_id` bigint(21) unsigned DEFAULT NULL,
  `name` varchar(256) NOT NULL,
  `responsibility` varchar(256) NOT NULL,
  PRIMARY KEY (`id`),
  KEY `fk_duties_position1_idx` (`position_id`),
  KEY `fk_duties_scope1_idx` (`scope_id`)
) ENGINE=InnoDB DEFAULT CHARSET=utf8 AUTO_INCREMENT=1 ;

-- --------------------------------------------------------

--
-- Table structure for table `emplacement`
--

CREATE TABLE IF NOT EXISTS `emplacement` (
  `id` bigint(21) unsigned NOT NULL AUTO_INCREMENT,
  `location_id` bigint(21) unsigned NOT NULL,
  `office_num` varchar(5) DEFAULT NULL,
  `name` varchar(45) NOT NULL COMMENT 'Office #',
  `map_coords` varchar(64) DEFAULT NULL,
  PRIMARY KEY (`id`),
  KEY `fk_emplacement_location1_idx` (`location_id`)
) ENGINE=InnoDB  DEFAULT CHARSET=utf8 COMMENT='Offices and rooms' AUTO_INCREMENT=21 ;

--
-- Dumping data for table `emplacement`
--

INSERT INTO `emplacement` (`id`, `location_id`, `office_num`, `name`, `map_coords`) VALUES
(1, 1, '232', 'Колл-центр', ''),
(2, 1, '225', '-----(бывший Офис hR)', ''),
(3, 1, '0xx', 'Веб-студия', ''),
(5, 2, 'склад', 'Офис - Закупка', ''),
(6, 2, 'дом', 'Офис - Закупка2 (бывшКонтент)', ''),
(7, 2, 'дом', 'Офис - Бухгалтерия', ''),
(8, 2, 'дом', 'Офис - Технический', ''),
(9, 2, 'склад', 'Офис - приемки-отправки', ''),
(10, 2, 'склад', 'Склад - погрузка', ''),
(11, 2, 'дом', 'Офис - HR', ''),
(12, 2, 'дом', 'Офис - Администрация', ''),
(13, 2, 'склад', 'Фотостудия', ''),
(14, 2, 'склад', 'Склад - сборка', ''),
(15, 2, 'склад', 'Дальний склад1', ''),
(16, 2, 'склад', 'Дальний склад2', ''),
(17, 1, '232', 'Директорская комната', ''),
(18, 1, 'дом', 'Комната сторожа', ''),
(19, 2, 'дом', 'Офис - Маркетинга', ''),
(20, 1, 'внешн', 'Вне офисов', '');

-- --------------------------------------------------------

--
-- Table structure for table `employee`
--

CREATE TABLE IF NOT EXISTS `employee` (
  `id` bigint(21) unsigned NOT NULL AUTO_INCREMENT,
  `company_id` bigint(21) unsigned NOT NULL,
  `person_id` bigint(21) unsigned NOT NULL,
  `position_id` bigint(21) unsigned NOT NULL,
  `t_start` datetime DEFAULT '2000-01-01 00:00:00',
  `t_end` datetime DEFAULT '2999-01-01 00:00:00',
  `end_reason` varchar(128) DEFAULT NULL,
  PRIMARY KEY (`id`),
  KEY `fk_employee_company1_idx` (`company_id`),
  KEY `fk_employee_person1_idx` (`person_id`),
  KEY `fk_employee_position1_idx` (`position_id`)
) ENGINE=InnoDB  DEFAULT CHARSET=utf8 AUTO_INCREMENT=45 ;

--
-- Dumping data for table `employee`
--

INSERT INTO `employee` (`id`, `company_id`, `person_id`, `position_id`, `t_start`, `t_end`, `end_reason`) VALUES
(1, 1, 1, 1, '2016-07-23 00:00:00', '2999-01-01 00:00:00', ''),
(2, 1, 2, 2, '2000-01-01 00:00:00', '2999-01-01 00:00:00', ''),
(3, 1, 4, 3, '2000-01-01 00:00:00', '2999-01-01 00:00:00', ''),
(4, 1, 3, 14, '2000-01-01 00:00:00', '2999-01-01 00:00:00', ''),
(5, 1, 5, 1, '2000-01-01 00:00:00', '2016-09-16 00:00:00', 'Ушел по собственному желанию сменить деятельность на более спокойную'),
(6, 1, 8, 5, '2000-01-01 00:00:00', '2999-01-01 00:00:00', ''),
(7, 1, 9, 6, '2000-01-01 00:00:00', '2999-01-01 00:00:00', ''),
(8, 1, 10, 6, '2000-01-01 00:00:00', '2999-01-01 00:00:00', ''),
(9, 1, 11, 6, '2000-01-01 00:00:00', '2999-01-01 00:00:00', ''),
(10, 1, 12, 6, '2000-01-01 00:00:00', '2999-01-01 00:00:00', ''),
(11, 1, 13, 6, '2000-01-01 00:00:00', '2999-01-01 00:00:00', ''),
(12, 1, 6, 10, '2000-01-01 00:00:00', '2999-01-01 00:00:00', ''),
(13, 1, 14, 8, '2000-01-01 00:00:00', '2999-01-01 00:00:00', ''),
(14, 1, 15, 6, '2000-01-01 00:00:00', '2999-01-01 00:00:00', ''),
(15, 1, 16, 19, '2000-01-01 00:00:00', '2999-01-01 00:00:00', ''),
(16, 1, 17, 18, '2000-01-01 00:00:00', '2999-01-01 00:00:00', ''),
(17, 1, 18, 9, '2000-01-01 00:00:00', '2999-01-01 00:00:00', ''),
(18, 1, 19, 21, '2000-01-01 00:00:00', '2999-01-01 00:00:00', ''),
(19, 1, 20, 22, '2000-01-01 00:00:00', '2999-01-01 00:00:00', ''),
(20, 1, 21, 13, '2000-01-01 00:00:00', '2999-01-01 00:00:00', ''),
(21, 1, 22, 13, '2000-01-01 00:00:00', '2999-01-01 00:00:00', ''),
(22, 1, 23, 23, '2000-01-01 00:00:00', '2999-01-01 00:00:00', ''),
(23, 1, 24, 23, '2000-01-01 00:00:00', '2999-01-01 00:00:00', ''),
(24, 1, 26, 23, '2000-01-01 00:00:00', '2999-01-01 00:00:00', ''),
(25, 1, 27, 23, '2000-01-01 00:00:00', '2999-01-01 00:00:00', ''),
(26, 1, 30, 23, '2000-01-01 00:00:00', '2999-01-01 00:00:00', ''),
(27, 1, 31, 23, '2000-01-01 00:00:00', '2999-01-01 00:00:00', ''),
(28, 1, 32, 23, '2000-01-01 00:00:00', '2999-01-01 00:00:00', ''),
(29, 1, 33, 23, '2000-01-01 00:00:00', '2999-01-01 00:00:00', ''),
(30, 1, 34, 13, '2000-01-01 00:00:00', '2999-01-01 00:00:00', ''),
(31, 1, 35, 24, '2000-01-01 00:00:00', '2999-01-01 00:00:00', ''),
(32, 1, 36, 14, '2000-01-01 00:00:00', '2999-01-01 00:00:00', ''),
(33, 1, 37, 13, '2000-01-01 00:00:00', '2999-01-01 00:00:00', ''),
(34, 1, 38, 15, '2000-01-01 00:00:00', '2999-01-01 00:00:00', ''),
(35, 1, 39, 17, '2000-01-01 00:00:00', '2999-01-01 00:00:00', ''),
(36, 1, 40, 25, '2000-01-01 00:00:00', '2999-01-01 00:00:00', ''),
(37, 1, 41, 12, '2000-01-01 00:00:00', '2999-01-01 00:00:00', ''),
(38, 1, 42, 12, '2000-01-01 00:00:00', '2999-01-01 00:00:00', ''),
(39, 1, 43, 12, '2000-01-01 00:00:00', '2999-01-01 00:00:00', ''),
(40, 1, 44, 20, '2000-01-01 00:00:00', '2999-01-01 00:00:00', ''),
(41, 1, 45, 12, '2000-01-01 00:00:00', '2999-01-01 00:00:00', ''),
(42, 1, 46, 12, '2000-01-01 00:00:00', '2999-01-01 00:00:00', ''),
(43, 1, 47, 16, '2000-01-01 00:00:00', '2999-01-01 00:00:00', ''),
(44, 1, 50, 27, '2000-01-01 00:00:00', '2999-01-01 00:00:00', '');

-- --------------------------------------------------------

--
-- Table structure for table `location`
--

CREATE TABLE IF NOT EXISTS `location` (
  `id` bigint(21) unsigned NOT NULL AUTO_INCREMENT,
  `company_id` bigint(21) unsigned NOT NULL,
  `name` varchar(45) NOT NULL,
  `address` varchar(128) DEFAULT NULL,
  `address_unofficial` varchar(128) DEFAULT NULL,
  `gps_coords` varchar(64) DEFAULT NULL,
  PRIMARY KEY (`id`),
  KEY `fk_location_company1_idx` (`company_id`)
) ENGINE=InnoDB  DEFAULT CHARSET=utf8 COMMENT='Like as complex of buildings' AUTO_INCREMENT=5 ;

--
-- Dumping data for table `location`
--

INSERT INTO `location` (`id`, `company_id`, `name`, `address`, `address_unofficial`, `gps_coords`) VALUES
(1, 1, 'Офис-Украина', 'Харків, Харківська область, Украина, проспект Харьковский, 133, оф. 123', 'Харків, Харківська область, Украина, проспект Харьковский, 133, оф. 123', '48.999990, 76.297806'),
(2, 1, 'Дафи-Склад', 'г. Харьков, ТЦ Дафи, 1 этаж, магазин 123', 'Харків, Харківська область, Украина,  ТЦ Дафи, 1 этаж, магазин 123', '48.999990, 76.297806'),
(3, 1, 'Дафи - магазин', 'г. Харьков, ТЦ Дафи, 2 этаж, магазин 123', 'магазин 123', ''),
(4, 1, 'Серверная', 'Харків, Харківська область, Украина, проспект Харьковский', '---', '');

-- --------------------------------------------------------

--
-- Table structure for table `person`
--

CREATE TABLE IF NOT EXISTS `person` (
  `id` bigint(21) unsigned NOT NULL AUTO_INCREMENT,
  `user_id` bigint(21) unsigned DEFAULT '0' COMMENT 'if have user account',
  `name` varchar(45) NOT NULL,
  `fullname` varchar(65) DEFAULT NULL,
  `t_birthday` datetime DEFAULT NULL,
  `ident_code` varchar(18) DEFAULT NULL COMMENT 'id or other gov. number\n',
  `passport_data` varchar(512) DEFAULT NULL,
  `address_data` varchar(256) DEFAULT NULL,
  `photo_link` varchar(512) DEFAULT NULL,
  `contact_data` varchar(128) DEFAULT NULL,
  `is_enterpreneur` tinyint(1) unsigned DEFAULT NULL,
  PRIMARY KEY (`id`)
) ENGINE=InnoDB  DEFAULT CHARSET=utf8 AUTO_INCREMENT=1 ;

--
-- Dumping data for table `person`
--

INSERT INTO `person` (`id`, `user_id`, `name`, `fullname`, `t_birthday`, `ident_code`, `passport_data`, `address_data`, `photo_link`, `contact_data`, `is_enterpreneur`) VALUES
(1, 1, 'Роман', 'Роман Рыбкин', '2016-08-06 00:00:00', '', 'МК 0123456 РОХГУ УМВД Украины', 'Харьков,ул.Библика,д.0000123,кв.123456', '', '', 1),
-- --------------------------------------------------------

--
-- Table structure for table `position`
--

CREATE TABLE IF NOT EXISTS `position` (
  `id` bigint(21) unsigned NOT NULL AUTO_INCREMENT,
  `emplacement_id` bigint(21) unsigned NOT NULL,
  `name` varchar(45) NOT NULL,
  `description` varchar(96) DEFAULT NULL,
  `is_manager` tinyint(1) unsigned DEFAULT NULL,
  PRIMARY KEY (`id`),
  KEY `fk_position_emplacement1_idx` (`emplacement_id`)
) ENGINE=InnoDB  DEFAULT CHARSET=utf8 AUTO_INCREMENT=28 ;

--
-- Dumping data for table `position`
--

INSERT INTO `position` (`id`, `emplacement_id`, `name`, `description`, `is_manager`) VALUES
(1, 1, 'Администратор', 'Администратор', 0),
(2, 1, 'Директор', '', 1),
(3, 9, 'Бухгалтер', '', 0),
(4, 1, 'Директор по логистике', '', 1),
(5, 20, 'Водитель', 'и экспедитор', NULL),
(6, 10, 'Грузчик-комплектовщик', '', NULL),
(7, 10, 'Грузчик-отправщик', '', NULL),
(8, 7, 'Бухгалтер-кассир', '', NULL),
(9, 1, 'Кассир по поставщикам', 'Кассир по поставщикам', NULL),
(10, 7, 'Коммерческий директор', 'Помошник руководителя', 1),
(11, 10, 'Комплектовщик', '', NULL),
(12, 1, 'Менеджер КЦ', 'Оператор контакт-центра', NULL),
(13, 5, 'Менеджер по закупкам', '', NULL),
(14, 5, 'Руководитель отдела закупки', '', NULL),
(15, 11, 'Менеджер по персоналу', '', 1),
(16, 3, 'Программист', 'WEB-разработчик', NULL),
(17, 19, 'Специалист по ведению контекстной рекламы', 'Специалист по контекстной рекламе', NULL),
(18, 14, 'Старший комплектовщик', 'Заведующий складом', NULL),
(19, 18, 'Сторож', '', NULL),
(20, 8, 'Торговый представитель', '', NULL),
(21, 20, 'Уборщица', '', NULL),
(22, 20, 'Экспедитор', '', NULL),
(23, 20, 'Удаленщик', 'копирайтер', NULL),
(24, 13, 'Фотограф', '', NULL),
(25, 19, 'SEO-оптимизатор', 'маркетолог', NULL),
(26, 1, 'Маркетолог смм', '', NULL),
(27, 12, 'Финансовый директор', '', NULL);

-- --------------------------------------------------------

--
-- Table structure for table `repeat`
--

CREATE TABLE IF NOT EXISTS `repeat` (
  `id` bigint(21) unsigned NOT NULL AUTO_INCREMENT,
  `task_id` bigint(21) NOT NULL,
  `weekday` tinyint(2) unsigned DEFAULT NULL,
  `week` tinyint(2) unsigned DEFAULT NULL,
  `month` tinyint(2) unsigned DEFAULT NULL,
  `year` tinyint(2) unsigned DEFAULT NULL,
  `tasks_id` bigint(21) unsigned NOT NULL,
  PRIMARY KEY (`id`),
  KEY `fk_repeats_tasks1_idx` (`tasks_id`)
) ENGINE=InnoDB DEFAULT CHARSET=utf8 AUTO_INCREMENT=1 ;

-- --------------------------------------------------------

--
-- Table structure for table `scope`
--

CREATE TABLE IF NOT EXISTS `scope` (
  `id` bigint(21) unsigned NOT NULL AUTO_INCREMENT,
  `company_id` bigint(21) unsigned NOT NULL,
  `name` varchar(45) DEFAULT NULL,
  PRIMARY KEY (`id`),
  KEY `fk_scope_company1_idx` (`company_id`)
) ENGINE=InnoDB DEFAULT CHARSET=utf8 AUTO_INCREMENT=1 ;

-- --------------------------------------------------------

--
-- Table structure for table `software`
--

CREATE TABLE IF NOT EXISTS `software` (
  `id` bigint(21) unsigned NOT NULL AUTO_INCREMENT,
  `company_id` bigint(21) unsigned NOT NULL,
  `name` varchar(45) NOT NULL,
  `upload_link` varchar(1024) DEFAULT NULL,
  `work_platform` varchar(11) DEFAULT NULL,
  `license_type` varchar(35) NOT NULL,
  `license_text` text,
  `our_license_key` text,
  `t_start` datetime DEFAULT '2000-01-01 00:00:00',
  `t_end` datetime DEFAULT '2000-01-01 00:00:00',
  `is_licensed` tinyint(1) unsigned DEFAULT NULL,
  PRIMARY KEY (`id`),
  KEY `fk_software_company1_idx` (`company_id`)
) ENGINE=InnoDB  DEFAULT CHARSET=utf8 AUTO_INCREMENT=22 ;

--
-- Dumping data for table `software`
--

INSERT INTO `software` (`id`, `company_id`, `name`, `upload_link`, `work_platform`, `license_type`, `license_text`, `our_license_key`, `t_start`, `t_end`, `is_licensed`) VALUES
(1, 1, 'Склад и торговля', 'http://prostoysoft.ru/ProductsCount.msi', 'Windows', 'Commerce', '', '', '2000-01-01 00:00:00', '2000-01-01 00:00:00', NULL),
(2, 1, 'FreePBX', 'https://www.freepbx.org/downloads/freepbx-distro/', 'Linux, BSD', 'Open', '', '', '2000-01-01 00:00:00', '2000-01-01 00:00:00', NULL),
(3, 1, 'Zoiper', 'http://www.zoiper.com/en/voip-softphone/download/zoiper3#', 'All', 'Freeware', '', '', '2000-01-01 00:00:00', '2000-01-01 00:00:00', NULL),
(4, 1, 'Mail - smart - yandex.ua', 'https://mail.yandex.ua/', 'All', 'Commerce', '', '', '2000-01-01 00:00:00', '2000-01-01 00:00:00', NULL),
(5, 1, 'Skype', 'https://www.skype.com/en/download-skype/skype-for-linux/downloading/?type=ubuntu64', 'All', 'Freeware', '', '', '2000-01-01 00:00:00', '2000-01-01 00:00:00', NULL),
(6, 1, 'Jivosite', 'https://app.jivosite.com/?lang=ru#homepage', 'All', 'Proprietary', 'per one working account', '', '2000-01-01 00:00:00', '2000-01-01 00:00:00', 1),
(7, 1, 'Windows Server 2008', '', 'Windows', 'Commerce', '', '', '2000-01-01 00:00:00', '2000-01-01 00:00:00', NULL),
(8, 1, 'Google Account', 'https://accounts.google.com/', 'All', 'Freeware', '', '', '2000-01-01 00:00:00', '2000-01-01 00:00:00', NULL),
(9, 1, 'x11vnc', 'http://www.karlrunge.com/x11vnc/#downloading', 'Linux, BSD', 'Open', '', '', '2000-01-01 00:00:00', '2000-01-01 00:00:00', NULL),
(10, 1, 'Wi-Fi network', '', 'All', '', '', '', '2000-01-01 00:00:00', '2000-01-01 00:00:00', NULL),
(11, 1, 'smart.ru', 'http://smart.ru/adm', '', '', '', '', '2000-01-01 00:00:00', '2000-01-01 00:00:00', 1),
(12, 1, 'smart.com', 'http://smart.ru/adm', '', '', '', '', '2000-01-01 00:00:00', '2000-01-01 00:00:00', 1),
(13, 1, 'FOP2 Panel', 'http://192.168.1.109/panel', '', '', '', '', '2000-01-01 00:00:00', '2000-01-01 00:00:00', 1),
(14, 1, 'vk.com', 'http://vk.com/', '', '', '', '', '2000-01-01 00:00:00', '2000-01-01 00:00:00', NULL),
(15, 1, 'google-account', 'https://gmail.com/', '', '', '', '', '2000-01-01 00:00:00', '2000-01-01 00:00:00', NULL),
(16, 1, 'facebook.com', 'http://facebook.com/', '', '', '', '', '2000-01-01 00:00:00', '2000-01-01 00:00:00', NULL),
(17, 1, 'odnoklassniki.ru', 'https://odnoklassniki.ru/', '', '', '', '', '2000-01-01 00:00:00', '2000-01-01 00:00:00', NULL),
(18, 1, 'pinterest.com', 'https://pinterest.com/', '', '', '', '', '2000-01-01 00:00:00', '2000-01-01 00:00:00', NULL),
(19, 1, 'OS_USER', '', '', '', '', '', '2000-01-01 00:00:00', '2000-01-01 00:00:00', NULL),
(20, 1, 'OS_Admin', '', '', '', '', '', '2000-01-01 00:00:00', '2000-01-01 00:00:00', NULL),
(21, 1, 'trunk adm', '', '', '', '', '', '2000-01-01 00:00:00', '2000-01-01 00:00:00', NULL);

-- --------------------------------------------------------

--
-- Table structure for table `status`
--

CREATE TABLE IF NOT EXISTS `status` (
  `id` bigint(21) unsigned NOT NULL AUTO_INCREMENT,
  `company_id` bigint(21) unsigned NOT NULL,
  `state_num` tinyint(1) unsigned DEFAULT NULL,
  `name` varchar(14) NOT NULL,
  PRIMARY KEY (`id`),
  KEY `fk_status_company1_idx` (`company_id`)
) ENGINE=InnoDB DEFAULT CHARSET=utf8 AUTO_INCREMENT=1 ;

-- --------------------------------------------------------

--
-- Table structure for table `tasks`
--

CREATE TABLE IF NOT EXISTS `tasks` (
  `id` bigint(21) unsigned NOT NULL AUTO_INCREMENT,
  `position_id` bigint(21) unsigned NOT NULL COMMENT 'task-author',
  `duties_id` bigint(21) unsigned NOT NULL,
  `status_id` bigint(21) unsigned NOT NULL,
  `t_create` datetime NOT NULL,
  `t_start` datetime NOT NULL,
  `t_finish` datetime DEFAULT NULL,
  `t_period` varchar(14) DEFAULT NULL,
  `is_urgency` tinyint(1) unsigned DEFAULT NULL,
  `description` varchar(256) DEFAULT NULL,
  `is_active` tinyint(1) unsigned DEFAULT '1',
  PRIMARY KEY (`id`),
  KEY `fk_tasks_position1_idx` (`position_id`),
  KEY `fk_tasks_status1_idx` (`status_id`),
  KEY `fk_tasks_duties1_idx` (`duties_id`)
) ENGINE=InnoDB DEFAULT CHARSET=utf8 AUTO_INCREMENT=1 ;

-- --------------------------------------------------------

--
-- Table structure for table `units`
--

CREATE TABLE IF NOT EXISTS `units` (
  `id` bigint(21) unsigned NOT NULL AUTO_INCREMENT COMMENT 'ID',
  `utype_id` bigint(21) unsigned NOT NULL,
  `emplacement_id` bigint(21) unsigned NOT NULL,
  `workplace_id` bigint(21) unsigned NOT NULL,
  `name` varchar(45) NOT NULL COMMENT 'Name',
  `serial_num` varchar(45) DEFAULT NULL COMMENT 's/n',
  `inventory_num` varchar(10) NOT NULL,
  `mac_addr` varchar(45) DEFAULT NULL,
  `main_ipv4` varchar(18) DEFAULT NULL COMMENT 'IPv4',
  `main_ipv6` varchar(39) DEFAULT NULL COMMENT 'IPv6',
  `dt_purchase` datetime DEFAULT '2000-01-01 00:00:00',
  `dt_endwarranty` datetime DEFAULT '2000-01-01 00:00:00',
  `vendor_name` varchar(45) DEFAULT NULL,
  `cost` int(11) unsigned DEFAULT NULL,
  `documents` varchar(51) DEFAULT NULL,
  `is_broken` tinyint(1) unsigned DEFAULT '0',
  `broken_description` varchar(46) DEFAULT NULL,
  PRIMARY KEY (`id`),
  KEY `fk_units_workplace1_idx` (`workplace_id`),
  KEY `fk_units_emplacement1_idx` (`emplacement_id`),
  KEY `fk_units_utype1_idx` (`utype_id`)
) ENGINE=InnoDB  DEFAULT CHARSET=utf8 COMMENT='inventory table' AUTO_INCREMENT=612 ;

--
-- Dumping data for table `units`
--

INSERT INTO `units` (`id`, `utype_id`, `emplacement_id`, `workplace_id`, `name`, `serial_num`, `inventory_num`, `mac_addr`, `main_ipv4`, `main_ipv6`, `dt_purchase`, `dt_endwarranty`, `vendor_name`, `cost`, `documents`, `is_broken`, `broken_description`) VALUES
(1, 2, 8, 43, 'A4tech glaser', 'none', '15', '', '', '', '2000-01-01 00:00:00', '2000-01-01 00:00:00', '', 0, '25', 0, ''),
(2, 3, 6, 26, 'Keyboard "China"', 'none', 'A21', '', '', '', '2000-01-01 00:00:00', '2000-01-01 00:00:00', '', 0, '', 0, ''),
(3, 5, 1, 6, 'Philips 226V', 'UK0A1320888886', '000', '', '', '', '2000-01-01 00:00:00', '2000-01-01 00:00:00', '', 0, '', 0, ''),
(4, 1, 1, 6, 'FrimeCom CeleronG540,4Gb,500Gb', 'multy-sn', '000', '', '', '', '2000-01-01 00:00:00', '2000-01-01 00:00:00', '', 0, '', 0, ''),
(6, 15, 8, 45, 'Defender SPK170', 'none', '369', '', '', '', '2000-01-01 00:00:00', '2000-01-01 00:00:00', '', 0, '', 1, 'нужно заменить шнур входного звука'),
(7, 11, 8, 45, 'Wi-Fi TL WN-823N', 'none', 'A23', '', '', '', '2000-01-01 00:00:00', '2000-01-01 00:00:00', '', 0, '', 0, ''),
(8, 14, 8, 45, 'Trancend 8GB', 'none', 'A11', '', '', '', '2000-01-01 00:00:00', '2000-01-01 00:00:00', '', 0, '', 0, ''),
(9, 14, 8, 45, 'Trancend 8GB', 'none', '000', '', '', '', '2000-01-01 00:00:00', '2000-01-01 00:00:00', '', 0, 'with server windows installation', 0, ''),
(11, 11, 1, 7, 'internal WiFi TL-WN781ND', '214884908848', 'd224', 'e8-de-27-9b-88-88', '', '', '2000-01-01 00:00:00', '2000-01-01 00:00:00', 'Tp-link', 0, '', 0, ''),
(14, 12, 5, 18, 'Epson WP-4530 model: C451C', 'N88Y884472', 'd091', 'a4-ee-57-88-d3-88', '192.168.1.104', '', '2000-01-01 00:00:00', '2000-01-01 00:00:00', '', 4532, '', 0, ''),
(15, 21, 15, 64, 'ASUS  ADP-65JH BB (19v)', '660W088088K', '000', '', '', '', '2000-01-01 00:00:00', '2000-01-01 00:00:00', '', 0, '', 1, 'нет выходного напряжения'),
(16, 22, 7, 46, 'Зеленая настольная лампа с часами (220в)', 'none', '469', '', '', '', '2000-01-01 00:00:00', '2000-01-01 00:00:00', '', 0, '', 0, ''),
(17, 12, 14, 69, 'Epson Stylus Office B42WD', '*MG6Y008885*', '000', '', '', '', '2000-01-01 00:00:00', '2000-01-01 00:00:00', 'Epson', 0, '', 1, 'стоит на складе -  все разваленое у него'),
(18, 12, 15, 64, 'Epson Stylus TX210???', '*LA7K078888*', '291', '', '', '', '2000-01-01 00:00:00', '2000-01-01 00:00:00', '', 0, '', 1, 'тот что в углу на парте - не проверял'),
(19, 15, 8, 45, 'Datex 2.0 speaker (usb power)', '1188008873', 'A75', '', '', '', '2000-01-01 00:00:00', '2000-01-01 00:00:00', '', 0, '', 1, 'проверить провод'),
(20, 23, 14, 69, 'Чайник Electrical Kettle 11095', 'none', 'A302', '', '', '', '2000-01-01 00:00:00', '2000-01-01 00:00:00', '', 0, '', 1, 'стоит в углу - не проверял'),
(21, 16, 15, 64, 'ACME (white)', 'none', 'A87', '', '', '', '2000-01-01 00:00:00', '2000-01-01 00:00:00', '', 0, '', 1, 'шуршит в микрофоне и наушниках'),
(22, 21, 19, 58, 'ASUS EXA07043548 (19v)', '0432-00HV1AS088088808', '000', '', '', '', '2000-01-01 00:00:00', '2000-01-01 00:00:00', '', 0, '', 1, 'нет выходного напряжения'),
(23, 2, 8, 45, 'Trust', 'none', '000', '', '', '', '2000-01-01 00:00:00', '2000-01-01 00:00:00', '', 0, '', 1, 'довольно часто несрабатывает кнопка'),
(24, 16, 15, 64, 'Genius', 'none', '000', '', '', '', '2000-01-01 00:00:00', '2000-01-01 00:00:00', '', 0, '', 1, 'оторван разьем под микрофонный вход'),
(28, 18, 14, 69, 'адаптер питания для Wi-Fi антенны', 'none', 'A275', '', '', '', '2000-01-01 00:00:00', '2000-01-01 00:00:00', '', 0, '', 0, ''),
(29, 18, 8, 45, 'Wi-Fi TP-Link TL-WA5210G (without ac adapter)', '', 'B102', '', '', '', '2000-01-01 00:00:00', '2000-01-01 00:00:00', '', 0, '', 0, ''),
(33, 20, 20, 76, 'Уднинитель черный на 5 розеток 3м', 'none', '310', '', '', '', '2000-01-01 00:00:00', '2000-01-01 00:00:00', '', 0, '', 0, ''),
(34, 3, 14, 69, 'Genius KB-06 XE', 'ZM2423010892', 'A105', '', '', '', '2000-01-01 00:00:00', '2000-01-01 00:00:00', '', 0, '', 1, 'туго печатаются кнопки'),
(35, 20, 6, 26, 'Sven Basic 2 1800w 5conn  1.5m (цв. белый)', 'none', '295', '', '', '', '2000-01-01 00:00:00', '2000-01-01 00:00:00', '', 0, '', 0, ''),
(36, 1, 8, 45, 'Fujitsu siemens Esprimo (w/o SDD-HDD) 1Gb !', 'YKAS007142', 'd172', '', '', '', '2000-01-01 00:00:00', '2000-01-01 00:00:00', '', 0, '', 1, 'w/o SDD, DDR 1GB'),
(37, 12, 14, 69, 'Epson Stylus SX535WD', '*PKDY004288*', '000', '', '', '', '2000-01-01 00:00:00', '2000-01-01 00:00:00', '', 0, '', 1, 'Серега сказал что печатает со сбоями'),
(43, 1, 12, 41, 'Atlon2X2 250/6Gb/500Gb', 'none', '13', '6c-62-6d-88-88-cf', '192.168.2.154', '', '2000-01-01 00:00:00', '2000-01-01 00:00:00', '', 0, 'пров0916', 0, ''),
(46, 28, 8, 43, 'Стул офисный вертушка серый', 'none', '19', '', '', '', '2000-01-01 00:00:00', '2000-01-01 00:00:00', '', 0, '31', 0, ''),
(47, 29, 13, 51, 'Тепловентилятор', '', '114', '', '', '', '2013-01-10 17:29:04', '2999-01-01 00:00:00', '', 200, 'пров0916', 0, ''),
(49, 5, 7, 37, 'Монитор LG FLATRON E2241', '', '147', '', '', '', '2013-04-04 00:00:00', '2999-01-01 00:00:00', '', 1000, 'пров0916', 0, ''),
(50, 27, 12, 40, 'Стол комп. бежевый с дверцей', '', '155', '', '', '', '2013-04-04 00:00:00', '2999-01-01 00:00:00', '', 500, 'пров0916', 0, ''),
(51, 10, 8, 45, 'Мобильный телефон fly XLife', '', '158', '', '', '', '2013-04-05 00:00:00', '2999-01-01 00:00:00', '', 300, 'пров0916', 1, 'развален корпус и не показ дисплей'),
(52, 3, 19, 71, 'Клавиатура Genius slim star 220', '', '16', '', '', '', '2013-01-04 11:52:48', '2999-01-01 00:00:00', '', 100, 'пров0916 ', 0, ''),
(53, 27, 8, 43, 'Стол компьтерный темнокоричневый 131X66(sm)', '', '17', '', '', '', '2013-01-04 11:53:10', '2999-01-01 00:00:00', '', 500, 'пров0916', 1, 'незаклеен торец на полке под клавиатуру'),
(54, 25, 8, 44, 'Калькулятор CITIZEN SDC-250L', '', '188', '', '', '', '2013-04-07 00:00:00', '2999-01-01 00:00:00', '', 50, 'пров0916', 0, ''),
(56, 28, 8, 45, 'Жесткий диск 40Гб', '', '193', '', '', '', '2013-04-07 00:00:00', '2999-01-01 00:00:00', '', 1000, 'пров0916 (500 поставил в комп вместо 40-ки )', 0, ''),
(57, 10, 6, 27, '2 сим карты  номера0675728835,0503088415', '', '214', '', '', '', '2013-05-03 11:11:45', '2999-01-01 00:00:00', '', 10, 'пров0916', 0, ''),
(58, 27, 20, 49, 'Сейф маленький с ключем', '', '221', '', '', '', '2013-05-03 11:17:59', '2999-01-01 00:00:00', '', 200, 'пров0916 Варенко Владислав', 0, ''),
(59, 25, 5, 19, 'Калькулятор CITIZEN SDC-999L', '', '230', '', '', '', '2014-03-28 00:00:00', '2999-01-01 00:00:00', '', 50, 'пров0916', 1, 'брак корпус снимается и нет батар.'),
(60, 27, 7, 46, 'Стол коричневый малый', '', '254', '', '', '', '2014-03-28 00:00:00', '2999-01-01 00:00:00', '', 385, 'пров0916', 0, ''),
(61, 10, 5, 20, 'Мобильный телефон NOKIAх101 c зарядкой', 'none', '258', '', '', '', '2014-03-28 00:00:00', '2999-01-01 00:00:00', '', 300, 'пров0916 ???уточнить у коваль или нет???', 0, ''),
(62, 10, 6, 29, '2сим карты  номера0675740880,0503098810', '', '259', '', '', '', '2014-03-28 00:00:00', '2999-01-01 00:00:00', '', 20, 'пров0916 ', 0, ''),
(63, 27, 12, 40, 'Кресло на колесиках большое кожа', '', '269', '', '', '', '2014-03-28 00:00:00', '2999-01-01 00:00:00', '', 1000, 'пров0916 личный', 0, ''),
(64, 27, 19, 72, 'Стол комп. светл.оричн.', '', '280', '', '', '', '2014-03-28 00:00:00', '2999-01-01 00:00:00', '', 385, 'пров0916', 0, ''),
(65, 5, 5, 23, 'Монитор LG FLATRON 22 диагональ', '', '282', '', '', '', '2014-03-28 00:00:00', '2999-01-01 00:00:00', '', 1000, 'пров0916', 0, ''),
(66, 3, 5, 23, 'Клавиатура А4tech серебристая', '', '284', '', '', '', '2014-03-28 00:00:00', '2999-01-01 00:00:00', '', 100, 'пров0916', 0, ''),
(67, 27, 5, 21, 'Стул офисный вертушка серый', '', '286', '', '', '', '2014-03-28 00:00:00', '2999-01-01 00:00:00', '', 300, 'пров0916', 0, ''),
(68, 15, 5, 23, 'Колонки sven черные', '', '287', '', '', '', '2014-03-28 00:00:00', '2999-01-01 00:00:00', '', 100, 'пров0916', 0, ''),
(69, 10, 20, 49, 'сим карты мтс и кс:0668836889,0988988813', '', '290', '', '', '', '2014-03-28 00:00:00', '2999-01-01 00:00:00', '', 20, 'пров0916 Варенко В', 0, ''),
(70, 27, 7, 37, 'Стол коричневый малый', '', '293', '', '', '', '2014-03-28 00:00:00', '2999-01-01 00:00:00', '', 385, 'пров0916', 0, ''),
(71, 27, 5, 22, 'Стул офисный черный ', '', '294-2', '', '', '', '2014-03-28 00:00:00', '2999-01-01 00:00:00', '', 130, 'пров0916', 0, ''),
(72, 3, 8, 45, 'Клавиатура A4Tech', '', '296', '', '', '', '2014-03-28 00:00:00', '2999-01-01 00:00:00', '', 100, 'пров0916', 0, ''),
(73, 2, 7, 46, 'Мышь проводная Genius', '', '297', '', '', '', '2014-03-28 00:00:00', '2999-01-01 00:00:00', '', 100, 'пров0916', 0, ''),
(74, 15, 7, 46, 'Колонки SVEN', '', '298', '', '', '', '2015-04-10 00:00:00', '2999-01-01 00:00:00', '', 100, 'пров0916', 0, ''),
(75, 27, 7, 46, 'Стол коричневый малый', '', '302', '', '', '', '2014-03-28 00:00:00', '2999-01-01 00:00:00', '', 385, 'пров0916 ', 0, ''),
(76, 27, 13, 51, 'Стул офисный серый', '', '303', '', '', '', '2014-03-28 00:00:00', '2999-01-01 00:00:00', '', 130, 'пров0916', 1, 'брак сломана ножка '),
(77, 1, 14, 63, 'Системный блок Frime AthlonIIX2-250-4GB-500GB', '', '304', '00-25-22-88-c5-88', '192.168.2.132', '', '2014-03-28 00:00:00', '2999-01-01 00:00:00', '', 3000, 'пров0916', 0, ''),
(78, 3, 5, 20, 'Клавиатура SVEN Standard 310 Combo', '', '306', '', '', '', '2014-03-28 00:00:00', '2999-01-01 00:00:00', '', 100, 'пров0916', 0, ''),
(79, 2, 8, 45, 'Мышь проводная Genius', '', '307', '', '', '', '2014-03-28 00:00:00', '2999-01-01 00:00:00', '', 100, 'пров0916', 0, ''),
(80, 10, 7, 46, 'Мобильный телефон NOKIA E66-1', '', '31', '', '', '', '2013-01-04 12:05:11', '2999-01-01 00:00:00', '', 500, 'пров0916', 0, ''),
(81, 5, 12, 40, 'Монитор PHILIPS 236V', '', '311', '', '', '', '2014-03-28 00:00:00', '2999-01-01 00:00:00', '', 1000, 'пров0916', 0, ''),
(82, 27, 5, 23, 'Стол коричневый малый', '', '313', '', '', '', '2014-03-28 00:00:00', '2999-01-01 00:00:00', '', 385, 'пров0916', 0, ''),
(83, 27, 6, 25, 'Стул офисный серый', '', '324', '', '', '', '2014-03-31 00:00:00', '2999-01-01 00:00:00', '', 130, 'пров0916', 1, 'брак сломана ножка'),
(84, 27, 13, 51, 'Стул офисный серый ', '', '325', '', '', '', '2014-03-31 00:00:00', '2999-01-01 00:00:00', '', 130, 'пров0916', 0, ''),
(85, 27, 12, 39, 'Стол малый под принтер на колесиках черный', '', '329', '', '', '', '2014-03-31 00:00:00', '2999-01-01 00:00:00', '', 300, 'пров0916', 0, ''),
(86, 1, 12, 40, 'Системный блок', '', '344', '', '', '', '2014-03-31 00:00:00', '2999-01-01 00:00:00', '', 3000, 'пров0916 AMD Phenom(tm) II X2 511 RAM: 7937MB', 0, ''),
(87, 10, 12, 40, 'Мобильный телефон NOKIA  6700+', '', '35', '', '', '', '2013-01-04 00:00:00', '2999-01-01 00:00:00', '', 300, 'пров0916', 1, 'брак неправильно отображает симкарты'),
(88, 1, 5, 19, 'Сис.блок  CeleronG540-2.5GHz 4Gb 500Gb', 'work-126', '351', '8c-89-88-7c-88-d3', '192.168.2.126', '', '2014-03-31 00:00:00', '2999-01-01 00:00:00', '', 3000, 'пров0916', 0, ''),
(89, 10, 20, 76, 'сим карты мтс и кс номера067588392201,0588884277', '', '366', '', '', '', '2014-04-14 00:00:00', '2999-01-01 00:00:00', '', 20, 'пров0916', 0, ''),
(90, 5, 5, 77, 'Монитор PHILIPS 226V', '', '367', '', '', '', '2014-04-14 00:00:00', '2999-01-01 00:00:00', '', 1000, 'пров0916', 0, ''),
(91, 5, 19, 71, 'Монитор PHILIPS 226V', '', '375', '', '', '', '2014-04-14 00:00:00', '2999-01-01 00:00:00', '', 1000, 'пров0916', 0, ''),
(92, 1, 14, 61, 'Сис.блок AthlonIIX2-250u1,61GHz-4000MB-500gb', '', '389', '00-25-22-ee-84-3b', '192.168.2.124', '', '2014-04-15 00:00:00', '2999-01-01 00:00:00', '', 3000, 'пров0916', 0, ''),
(93, 3, 7, 37, 'Клавиатура Genius KB-M200', '', '400', '', '', '', '2014-04-15 00:00:00', '2999-01-01 00:00:00', '', 100, 'пров0916', 0, ''),
(94, 11, 8, 45, 'Модем интертелеком + шнур в коробке', '', '411', '', '', '', '2014-04-21 00:00:00', '2999-01-01 00:00:00', '', 500, 'пров0916 ', 0, ''),
(95, 29, 8, 42, 'Кондиционер ORION + пульт д.у.', '', '413', '', '', '', '2014-04-21 00:00:00', '2999-01-01 00:00:00', '', 3000, 'пров0916', 0, ''),
(96, 27, 5, 21, 'Стол коричневый малый', '', '420', '', '', '', '2014-04-21 00:00:00', '2999-01-01 00:00:00', '', 385, 'пров0916', 0, ''),
(97, 27, 20, 75, 'Стол +тумба коричневая +шкаф', '', '446', '', '', '', '2014-04-21 00:00:00', '2999-01-01 00:00:00', '', 700, 'пров0916', 0, ''),
(98, 27, 16, 67, 'Стол под компьютер переносной пластик черный', '', '447', '', '', '', '2014-04-21 00:00:00', '2999-01-01 00:00:00', '', 300, 'пров0916', 0, ''),
(99, 12, 6, 25, 'Принтер Epson B42WD', 'MG6Y002388', '456', '00-26-ab-88-88-88', '192.168.2.105', '', '2014-04-21 00:00:00', '2999-01-01 00:00:00', '', 500, 'пров0916', 1, 'в сервис центре'),
(100, 29, 9, 16, 'Тепловентилятор SATURN', '', '458', '', '', '', '2014-04-21 00:00:00', '2999-01-01 00:00:00', '', 200, 'пров0916 Шалимова Оксана', 0, ''),
(101, 19, 20, 49, 'Набор инструментов Intertool в Богдан', '', '464', '', '', '', '2014-04-21 00:00:00', '2999-01-01 00:00:00', '', 590, 'пров0916', 1, 'брак:отсутствуют три биты на отвертки'),
(102, 25, 12, 40, 'Калькулятор CITIZEN SDC-519', '', '470', '', '', '', '2014-04-21 00:00:00', '2999-01-01 00:00:00', '', 50, 'пров0916', 0, ''),
(103, 30, 14, 66, 'Весы напольные Укрпроект', '', '482', '', '', '', '2014-04-21 00:00:00', '2999-01-01 00:00:00', '', 500, 'пров0916', 1, 'брак: взвешивают через раз иногда с погрешност'),
(104, 5, 14, 61, 'Монитор LG 19', '', '491', '', '', '', '2014-04-21 00:00:00', '2999-01-01 00:00:00', '', 1000, 'пров0916', 0, ''),
(105, 17, 14, 61, 'Система видеонаблюдения + 8 камер', '', '496', '', '', '', '2014-04-21 00:00:00', '2999-01-01 00:00:00', '', 10000, 'пров0916', 0, ''),
(106, 20, 7, 46, 'Сетевой удлинитель x5 серый', '', '498', '', '', '', '2015-04-10 00:00:00', '2999-01-01 00:00:00', '', 50, 'пров0916', 0, ''),
(107, 27, 6, 25, 'Стол коричневый малый', '', '69', '', '', '', '2013-01-04 12:01:57', '2999-01-01 00:00:00', '', 500, 'пров0916', 0, ''),
(108, 10, 20, 49, 'Мобильный телефон NOKIA 101', '', '77', '', '', '', '2013-01-04 00:00:00', '2999-01-01 00:00:00', '', 300, 'пров0916 Варенко Владислав', 0, ''),
(109, 20, 12, 41, 'Сетевой удлинитель x5 3м серый', '', '94', '', '', '', '2013-01-05 16:30:37', '2999-01-01 00:00:00', '', 50, 'пров0916', 0, ''),
(110, 27, 7, 46, 'Сейф большой', '', '99', '', '', '', '2013-01-05 16:39:24', '2999-01-01 00:00:00', '', 500, 'пров0916', 0, ''),
(111, 1, 7, 46, ' CeleronG1820 @ 2.7-3931MB-500gb', '', 'A02', '', '', '', '2013-04-04 00:00:00', '2999-01-01 00:00:00', '', 3000, 'пров0916', 0, ''),
(112, 11, 8, 45, 'Bluetooth адаптер', '', 'A03', '', '', '', '2013-01-04 11:49:24', '2999-01-01 00:00:00', '', 100, 'пров0916', 0, ''),
(113, 3, 9, 16, 'Клавиатура Genius', '', 'A06', '', '', '', '2014-03-28 00:00:00', '2999-01-01 00:00:00', '', 100, 'пров0916 Шалимова Оксана', 0, ''),
(114, 2, 9, 17, 'Мышь проводная Genius NetScroll 120', '', 'A09', '', '', '', '2014-04-14 00:00:00', '2999-01-01 00:00:00', '', 100, 'пров0916', 0, ''),
(115, 20, 12, 40, 'Сетевой удлинитель x5 3м серый', '', 'A10', '', '', '', '2013-01-10 17:30:24', '2999-01-01 00:00:00', '', 50, 'пров0916', 0, ''),
(116, 2, 11, 32, 'Мышь проводная DATEX', '', 'A102', '', '', '', '2014-04-23 00:00:00', '2999-01-01 00:00:00', '', 100, 'пров0916', 0, ''),
(117, 20, 5, 19, 'Сетевой удлинитель x5', '', 'A103', '', '', '', '2014-03-28 00:00:00', '2999-01-01 00:00:00', '', 50, 'пров0916', 0, ''),
(118, 2, 9, 17, 'Мышь оптическая Genius', '', 'A108', '', '', '', '2013-01-05 16:21:02', '2999-01-01 00:00:00', '', 100, 'Пров0916 ???уточнить у кешели или нет???', 1, 'брак: кнопка не работает'),
(119, 3, 14, 63, 'Клавиатура Genius', '', 'A110', '', '', '', '2013-01-05 00:00:00', '2999-01-01 00:00:00', '', 100, 'пров0916', 1, 'не работает некоторые кнопки и плохо нажимаетс'),
(120, 2, 14, 63, 'Мышь Genius USB black', '', 'A111', '', '', '', '2014-03-28 00:00:00', '2999-01-01 00:00:00', '', 100, 'пров0916', 0, ''),
(121, 15, 14, 66, 'Колонки havit', '', 'A116', '', '', '', '2014-04-15 00:00:00', '2999-01-01 00:00:00', '', 100, 'пров0916', 0, ''),
(122, 20, 5, 23, 'Сетевой удлинитель x6 белый', '', 'A117', '', '', '', '2014-03-28 00:00:00', '2999-01-01 00:00:00', '', 50, 'пров0916', 0, ''),
(123, 20, 8, 43, 'Сетевой удлинитель x4', '', 'A120', '', '', '', '2014-04-21 00:00:00', '2999-01-01 00:00:00', '', 50, 'пров0916', 0, ''),
(125, 5, 9, 17, 'Монитор LG EFLATRON', '', 'A123', '', '', '', '2014-04-21 00:00:00', '2999-01-01 00:00:00', '', 1000, 'пров0916', 0, ''),
(126, 1, 5, 23, 'Системный блок ', '', 'A124', '30-85-a9-88-88-1a', '192.168.2.106', '', '2014-04-21 00:00:00', '2999-01-01 00:00:00', '', 3000, 'пров0916 Intel G645 2,9Ghz 4GB 500 GB', 0, ''),
(127, 3, 6, 28, 'Клавиатура Genius', '', 'A125', '', '', '', '2014-04-21 00:00:00', '2999-01-01 00:00:00', '', 100, 'пров0916', 0, ''),
(128, 2, 12, 40, 'Мышь проводная Genius', '', 'A126', '', '', '', '2014-04-21 00:00:00', '2999-01-01 00:00:00', '', 100, 'пров0916', 0, ''),
(129, 11, 6, 25, 'Свитч D-Link', '', 'A127', '', '', '', '2014-03-28 00:00:00', '2999-01-01 00:00:00', '', 100, 'пров0916', 0, ''),
(130, 1, 11, 32, 'Системный блок', '', 'A129', '', '', '', '2013-01-04 11:56:51', '2999-01-01 00:00:00', '', 3000, 'пров0916 Athlon(tm) 64 X2 Dual Core; RAM: 2059MB 50', 0, ''),
(131, 11, 8, 45, 'Роутер TP-Link 842', '', 'A139', '', '', '', '2014-04-21 00:00:00', '2999-01-01 00:00:00', '', 300, 'пров0916', 1, 'брак:нет его бп на 12вольт'),
(132, 10, 8, 42, 'Сигнализация + 5 датчиков', '', 'A159', '', '', '', '2014-03-28 00:00:00', '2999-01-01 00:00:00', '', 1000, 'пров0916', 1, 'брак:лежит на складе'),
(133, 27, 19, 71, 'Стул офисный черный', '', 'A17', '', '', '', '2014-04-14 00:00:00', '2999-01-01 00:00:00', '', 130, 'пров0916', 0, ''),
(134, 14, 8, 45, 'USB звуковая карта', '', 'A173', '', '', '', '2015-02-03 00:00:00', '2999-01-01 00:00:00', '', 50, 'пров0916', 0, ''),
(135, 11, 19, 72, 'USB Wi-Fi адаптер TP-link', '64-70-02-2F-66-4A', 'A232', '', '', '', '2014-03-28 00:00:00', '2999-01-01 00:00:00', '', 200, 'пров0916', 0, ''),
(136, 17, 8, 45, 'Телевизор с блоком питания Nokasonic', '', 'A250', '', '', '', '2013-01-04 11:55:47', '2999-01-01 00:00:00', '', 1000, 'пров0916 работоспособность не проверял', 0, ''),
(137, 10, 14, 61, 'Сигнализация + 13 датчиков', '', 'A311', '', '', '', '2015-02-10 00:00:00', '2999-01-01 00:00:00', '', 3000, 'пров0916', 0, ''),
(138, 27, 7, 37, 'Стул расцветки мелкой сетки', '', 'A313', '', '', '', '2015-02-11 00:00:00', '2999-01-01 00:00:00', '', 250, 'пров0916', 0, ''),
(139, 20, 12, 40, 'Сетевой удлинитель x5 3м серый', '', 'A315', '', '', '', '2015-02-11 00:00:00', '2999-01-01 00:00:00', '', 50, 'пров0916', 0, ''),
(140, 1, 8, 45, 'Системный блок', '', 'A320', '', '', '', '2013-04-07 00:00:00', '2999-01-01 00:00:00', '', 3000, 'пров0916', 1, 'брак:на разборку Processor:??? RAM: 512Mb No:P'),
(141, 5, 14, 63, 'Монитор ACER P226 HQV 23 дюйма', '', 'A330', '', '', '', '2013-04-07 00:00:00', '2999-01-01 00:00:00', '', 1000, 'пров0916', 0, ''),
(142, 7, 8, 45, 'GPS Навигатор Pioneer', '', 'A346', '', '', '', '2015-02-12 00:00:00', '2999-01-01 00:00:00', '', 1000, 'пров0916', 1, 'брак: сложен-работоспособность не проверял'),
(143, 9, 8, 45, 'Тестер цифровой T-700D', '', 'A351', '', '', '', '2015-02-12 00:00:00', '2999-01-01 00:00:00', '', 100, 'пров0916', 0, ''),
(144, 27, 5, 19, 'Стул офисный черный', '', 'A357', '', '', '', '2013-01-04 12:02:14', '2999-01-01 00:00:00', '', 130, 'пров0916', 0, ''),
(145, 27, 6, 25, 'Стул офисный черный', '', 'A358', '', '', '', '2014-04-21 00:00:00', '2999-01-01 00:00:00', '', 130, 'пров0916', 1, 'брак:отломана ножка'),
(146, 3, 9, 17, 'Клавиатура Genius K639', '', 'A37', '', '', '', '2013-01-04 11:59:01', '2999-01-01 00:00:00', '', 100, 'пров0916', 0, ''),
(147, 5, 5, 22, 'Монитор LG FLATRON E1942', '', 'A39', '', '', '', '2014-04-15 00:00:00', '2999-01-01 00:00:00', '', 1000, 'пров0916', 0, ''),
(148, 27, 14, 66, 'Стул офисный черный', '', 'A40', '', '', '', '2014-04-15 00:00:00', '2999-01-01 00:00:00', '', 130, 'пров0916', 0, ''),
(149, 27, 6, 25, 'Стул офисный черный ', '', 'A44', '', '', '', '2014-04-14 00:00:00', '2999-01-01 00:00:00', '', 130, 'пров0916', 0, ''),
(150, 2, 6, 26, 'Мышь оптическая Genius', '', 'A46', '', '', '', '2013-01-04 11:58:26', '2999-01-01 00:00:00', '', 100, 'пров0916', 0, ''),
(151, 1, 14, 66, 'Системный блок', '', 'A51', '', '', '', '2014-04-21 00:00:00', '2999-01-01 00:00:00', '', 3000, 'пров0916 IntelG645 @ 2.90GHz; 4Gb 500Gb', 0, ''),
(152, 3, 14, 66, 'Клавиатура  Sertec', '', 'A52', '', '', '', '2014-04-21 00:00:00', '2999-01-01 00:00:00', '', 100, 'пров0916', 0, ''),
(153, 2, 14, 66, 'Мышь Sven', '', 'A53', '', '', '', '2014-04-21 00:00:00', '2999-01-01 00:00:00', '', 100, 'пров0916', 0, ''),
(154, 1, 19, 71, 'Сис.блокAthlonIIX2-220-2,8GHzN68-S3UCC-4GB-50', '', 'А56', '00-25-22-c3-88-3b', '192.168.2.151', '', '2013-01-05 16:31:39', '2999-01-01 00:00:00', '', 3000, 'пров0916', 0, ''),
(155, 2, 12, 41, 'Мышь оптическая Logitech B-100', '', 'A58', '', '', '', '2013-01-05 16:30:08', '2999-01-01 00:00:00', '', 100, 'пров0916', 0, ''),
(156, 3, 14, 61, 'Клавиатура Genius black', '', 'A62', '', '', '', '2013-01-04 12:39:11', '2999-01-01 00:00:00', '', 100, 'пров0916', 0, ''),
(157, 1, 8, 45, 'Сис.блокAthlon(tm) 64 X2-3059MB-320Gb', '', 'A66', '', '', '', '2013-04-05 00:00:00', '2999-01-01 00:00:00', '', 3000, 'пров0916', 1, 'Не устанавливается система с флешки'),
(158, 20, 19, 58, 'Сетевой удлинитель x5 SVEN', '', 'A67', '', '', '', '2013-04-07 00:00:00', '2999-01-01 00:00:00', '', 50, 'пров0916', 0, ''),
(159, 3, 5, 22, 'Клавиатура Logitech K120', '', 'A68', '', '', '', '2013-05-03 11:14:00', '2999-01-01 00:00:00', '', 100, 'пров0916', 0, ''),
(160, 2, 19, 71, 'Мышь проводная Logitex', '', 'A69', '', '', '', '2013-05-03 11:07:11', '2999-01-01 00:00:00', '', 100, 'пров0916', 0, ''),
(161, 6, 8, 45, 'Ноутбук ASUS K50C', '', 'A80', '', '', '', '2013-01-04 00:00:00', '2999-01-01 00:00:00', '', 3000, ' пров0916', 0, ''),
(162, 11, 5, 18, 'Свитч TP-Link', '', 'A82', '', '', '', '2014-03-28 00:00:00', '2999-01-01 00:00:00', '', 300, 'пров0916', 0, ''),
(163, 1, 5, 21, 'Сис.блок Phenom(tm) II X2 511 3801MB320Gb', '', 'A83', 'd4-3d-88-ba-88-66', '192.168.2.140', '', '2014-03-28 00:00:00', '2999-01-01 00:00:00', '', 3000, 'пров0916', 0, ''),
(164, 1, 7, 37, ' Сист.БлокIntel G2030 3GHz 4Gb 500Gb', '', 'A85', '', '', '', '2013-01-04 11:56:51', '2999-01-01 00:00:00', '', 3000, 'пров0916', 0, ''),
(165, 2, 5, 19, 'Мышь проводная Genius', '', 'A88', '', '', '', '2013-04-04 00:00:00', '2999-01-01 00:00:00', '', 100, 'пров0916', 0, ''),
(166, 3, 12, 41, 'Клавиатура Genius SlimStar 110 Black', '', 'A93', '', '', '', '2013-01-04 12:39:11', '2999-01-01 00:00:00', '', 100, 'пров0916', 0, ''),
(167, 2, 8, 45, 'Мышь оптическая Logitech', '', 'A94', '', '', '', '2013-01-04 00:00:00', '2999-01-01 00:00:00', '', 100, 'пров0916', 1, 'Гуляет курсор'),
(168, 20, 5, 20, 'Сетевой удлинитель x5 серый цв. 1,5m', '', 'A95', '', '', '', '2013-04-04 00:00:00', '2999-01-01 00:00:00', '', 50, 'пров0916', 0, ''),
(169, 20, 6, 27, 'Сетевой удлинитель x5 белый', '', 'A96', '', '', '', '2013-04-04 00:00:00', '2999-01-01 00:00:00', '', 50, 'пров0916', 0, ''),
(170, 20, 9, 17, 'Сетевой удлинитель x5 серый', '', 'A97', '', '', '', '2013-04-05 00:00:00', '2999-01-01 00:00:00', '', 50, 'пров0916', 0, ''),
(171, 10, 8, 42, 'Сигнализация + 6 датчиков', '', 'A98', '', '', '', '2013-05-03 11:10:48', '2999-01-01 00:00:00', '', 1000, 'пров0916', 0, ''),
(172, 11, 8, 45, 'Модем 3G Cricket', '', 'd050', '', '', '', '2014-03-28 00:00:00', '2999-01-01 00:00:00', '', 300, 'пров0916', 0, ''),
(173, 20, 9, 17, 'Сетевой удлинитель ПЕ-1 серый', '', 'А265', '', '', '', '2013-04-04 00:00:00', '2999-01-01 00:00:00', '', 50, 'пров0916', 0, ''),
(174, 27, 5, 18, 'Шкаф с ячейками оранжевый', '', 'А268', '', '', '', '2015-02-11 00:00:00', '2999-01-01 00:00:00', '', 1000, 'пров0916', 0, ''),
(175, 3, 5, 19, 'Клавиатура Genius', '', 'А289', '', '', '', '2014-04-23 00:00:00', '2999-01-01 00:00:00', '', 100, 'пров0916', 0, ''),
(176, 25, 5, 18, 'Калькулятор CITIZEN SDC-519', '', 'А333', '', '', '', '2015-02-11 00:00:00', '2999-01-01 00:00:00', '', 50, 'пров0916', 0, ''),
(177, 27, 14, 66, 'Стул офисный черный', '', 'Б02', '', '', '', '2014-04-21 00:00:00', '2999-01-01 00:00:00', '', 130, 'пров0916', 0, ''),
(178, 27, 5, 18, 'Табурет пластиковый  3шт', '', 'Б03', '', '', '', '2014-03-28 00:00:00', '2999-01-01 00:00:00', '', 50, 'пров0916 недостач:только 2 шт', 0, ''),
(179, 29, 15, 64, 'Вентилятор ROTEX', '', 'Б04', '', '', '', '2014-03-28 00:00:00', '2999-01-01 00:00:00', '', 200, 'пров0916', 1, 'брак: разобран так как долго безрезультатно ре'),
(180, 27, 7, 46, 'Стойка терминальная', '', 'Б07', '', '', '', '2015-02-11 00:00:00', '2999-01-01 00:00:00', '', 200, 'пров0916', 0, ''),
(181, 27, 6, 25, 'Стойка терминальная', '', 'Б09', '', '', '', '2015-02-11 00:00:00', '2999-01-01 00:00:00', '', 200, 'пров0916', 0, ''),
(182, 27, 5, 77, 'Стол коричневый малый', '', 'Б10', '', '', '', '2013-01-04 12:01:57', '2999-01-01 00:00:00', '', 385, 'пров0916', 0, ''),
(183, 30, 14, 66, 'Тележка серая', '', 'Б11', '', '', '', '2014-04-21 00:00:00', '2999-01-01 00:00:00', '', 500, 'пров0916', 0, ''),
(184, 30, 14, 66, 'Тележка синяя', '', 'Б12', '', '', '', '2013-01-10 00:00:00', '2999-01-01 00:00:00', '', 400, 'пров0916', 0, ''),
(185, 30, 14, 66, 'Тележка серая', '', 'Б13', '', '', '', '2015-02-11 00:00:00', '2999-01-01 00:00:00', '', 500, 'пров0916', 0, ''),
(186, 30, 14, 66, 'Тележка серая', '', 'Б14', '', '', '', '2015-02-11 00:00:00', '2999-01-01 00:00:00', '', 500, 'пров0916', 0, ''),
(187, 30, 14, 66, '2 Тележки синие', '', 'Б15', '', '', '', '2013-05-03 11:37:08', '2999-01-01 00:00:00', '', 1000, 'пров0916', 0, ''),
(188, 30, 14, 66, 'Тележка серая', '', 'Б16', '', '', '', '2015-02-11 00:00:00', '2999-01-01 00:00:00', '', 500, 'пров0916', 0, ''),
(189, 27, 5, 20, 'Стол коричневый малый', '', 'Б17', '', '', '', '2013-01-04 12:01:57', '2999-01-01 00:00:00', '', 385, 'пров0916', 0, ''),
(190, 27, 5, 20, 'Стул офисный черный', '', 'Б18', '', '', '', '2013-01-04 12:02:14', '2999-01-01 00:00:00', '', 130, 'пров0916', 0, ''),
(191, 27, 9, 17, 'Стул офисный серый', '', 'Б19', '', '', '', '2013-01-04 12:02:14', '2999-01-01 00:00:00', '', 130, 'пров0916', 0, ''),
(192, 27, 5, 22, 'Стол светл. коричневый малый', '', 'Б20', '', '', '', '2013-01-04 12:01:57', '2999-01-01 00:00:00', '', 385, 'пров0916', 0, ''),
(193, 27, 19, 71, 'Стол коричневый малый', '', 'Б21', '', '', '', '2013-01-04 12:01:57', '2999-01-01 00:00:00', '', 385, 'пров0916', 0, ''),
(194, 24, 12, 39, 'Огнетушитель', '', 'Б22', '', '', '', '2015-02-11 00:00:00', '2999-01-01 00:00:00', '', 200, 'пров0916', 0, ''),
(195, 30, 14, 66, 'Лестница раздвижная', '', 'Б24', '', '', '', '2015-02-11 00:00:00', '2999-01-01 00:00:00', '', 200, 'пров0916', 0, ''),
(196, 19, 10, 15, 'Комрессор МИНСК24', '', 'Б25', '', '', '', '2015-02-11 00:00:00', '2999-01-01 00:00:00', '', 1000, 'пров0916', 0, ''),
(197, 19, 15, 64, 'Сварочный аппарат ММА200', '', 'Б26', '', '', '', '2015-02-11 00:00:00', '2999-01-01 00:00:00', '', 2000, 'пров0916недостач: Виталий сказал сумма ремонта прев', 0, ''),
(198, 19, 15, 64, 'Болгарка Гранит 225', '', 'Б27', '', '', '', '2015-02-11 00:00:00', '2999-01-01 00:00:00', '', 300, 'пров0916', 1, 'брак: не включается'),
(199, 19, 15, 64, 'Дрель ударная Старк', '', 'Б28', '', '', '', '2013-04-04 00:00:00', '2999-01-01 00:00:00', '', 300, 'пров0916', 0, ''),
(200, 24, 20, 49, 'Огнетушитель ВВК-2 в Богдане', '', 'Б31', '', '', '', '2015-02-11 00:00:00', '2999-01-01 00:00:00', '', 200, 'пров0916', 0, ''),
(201, 29, 14, 66, 'Тепловентилятор большой ST EUROHEAT VOLKANO', '', 'Б32', '', '', '', '2014-04-21 00:00:00', '2999-01-01 00:00:00', '', 5000, 'пров0916', 0, ''),
(202, 30, 14, 66, 'Жалюзи горизонтальные 5шт', '', 'Б33', '', '', '', '2015-02-11 00:00:00', '2999-01-01 00:00:00', '', 200, 'пров0916', 0, ''),
(203, 27, 9, 16, 'Сейф прикрученный', '', 'Б36', '', '', '', '2014-04-21 00:00:00', '2999-01-01 00:00:00', '', 200, 'пров0916', 0, ''),
(204, 30, 14, 66, 'Баркас малый', '', 'Б37', '', '', '', '2014-04-21 00:00:00', '2999-01-01 00:00:00', '', 1000, 'пров0916', 0, ''),
(205, 31, 20, 49, 'Автомобиль Камаз', '', 'М1', '', '', '', '2013-01-02 00:00:00', '2999-01-01 00:00:00', '', 142000, 'пров0916', 0, ''),
(207, 27, 5, 77, 'Стул офисный черный', '', '294-1', '', '', '', '2014-03-28 00:00:00', '2999-01-01 00:00:00', '', 130, 'пров0916', 0, ''),
(208, 5, 11, 32, 'Монитор Flatron F2242', 'none', 'A393', '', '', '', '2000-01-01 00:00:00', '2000-01-01 00:00:00', '', 0, '', 0, ''),
(209, 3, 11, 32, 'Клавиатура SVEN 303', 'none', 'd001', '', '', '', '2000-01-01 00:00:00', '2000-01-01 00:00:00', '', 0, '', 0, ''),
(210, 15, 11, 32, 'Колонки SVEN 302', 'none', 'd002', '', '', '', '2000-01-01 00:00:00', '2000-01-01 00:00:00', '', 0, '', 0, ''),
(212, 27, 6, 26, 'стол темн-коричн с прав тумбочкой', 'none', 'd004', '', '', '', '2000-01-01 00:00:00', '2000-01-01 00:00:00', '', 0, '', 0, ''),
(213, 27, 19, 70, 'стул офисный ц. зеленый', 'none', 'd005', '', '', '', '2000-01-01 00:00:00', '2000-01-01 00:00:00', '', 0, '', 0, ''),
(214, 27, 5, 18, 'Стул черный простой квадратный', 'none', 'A304', '', '', '', '2000-01-01 00:00:00', '2000-01-01 00:00:00', '', 0, '', 0, ''),
(215, 27, 20, 76, 'Стол письм. цвет дуб', 'none', 'd006', '', '', '', '2000-01-01 00:00:00', '2000-01-01 00:00:00', '', 0, '', 0, ''),
(216, 27, 20, 76, 'Стул серый брак', 'none', 'd007', '', '', '', '2000-01-01 00:00:00', '2000-01-01 00:00:00', '', 0, '', 1, 'сгинается ножки'),
(217, 27, 11, 31, 'Стол тумба раскладной ', 'none', 'd008', '', '', '', '2000-01-01 00:00:00', '2000-01-01 00:00:00', '', 0, '', 0, ''),
(218, 27, 12, 39, 'Стул черный', 'none', 'd009', '', '', '', '2000-01-01 00:00:00', '2000-01-01 00:00:00', '', 0, '', 0, ''),
(219, 23, 6, 25, 'Эл. чайник Elenberg 1,7L', 'none', 'd010', '', '', '', '2000-01-01 00:00:00', '2000-01-01 00:00:00', '', 0, '', 0, ''),
(220, 2, 20, 76, 'Мышка Genuis DX-12', 'none', 'd011', '', '', '', '2000-01-01 00:00:00', '2000-01-01 00:00:00', '', 0, '', 0, ''),
(221, 5, 5, 20, 'PHILIPS 223V', 'none', '4', '', '', '', '2000-01-01 00:00:00', '2000-01-01 00:00:00', '', 0, '', 0, ''),
(222, 1, 8, 45, 'Сис.блок ESPRIMO Core2Duo2GHz-3071Mb60Gb', 'YKA8808837', 'd012', '00-01-80-88-25-fa', '192.168.2.123', '', '2000-01-01 00:00:00', '2000-01-01 00:00:00', '', 0, '', 0, ''),
(223, 25, 5, 20, 'Калькулятор Caruida DM-1200V', '', 'd013', '', '', '', '2000-01-01 00:00:00', '2000-01-01 00:00:00', '', 0, '', 0, ''),
(224, 5, 6, 27, 'PHILIPS 226V', '', '10', '', '', '', '2000-01-01 00:00:00', '2000-01-01 00:00:00', '', 0, '', 0, ''),
(225, 1, 6, 27, 'Сис.блок ESPRIMO Core2Duo2GHz-3071Mb60Gb', 'YK88008872', 'd014', '00-01-80-88-26-d2', '192.168.2.130', '', '2000-01-01 00:00:00', '2000-01-01 00:00:00', '', 0, '', 0, ''),
(226, 2, 8, 45, 'HAVIC black usb', 'none', 'd015', '', '', '', '2000-01-01 00:00:00', '2000-01-01 00:00:00', '', 0, '', 1, 'кнопка не всегда срабатывает'),
(227, 3, 6, 27, 'HAVIC HV-KB327', '', 'd016', '', '', '', '2000-01-01 00:00:00', '2000-01-01 00:00:00', '', 0, '', 0, ''),
(228, 27, 11, 31, 'Стул зеленый', '', 'd017', '', '', '', '2000-01-01 00:00:00', '2000-01-01 00:00:00', '', 0, '', 0, ''),
(229, 27, 6, 26, 'Стул зеленый', '', 'd018', '', '', '', '2000-01-01 00:00:00', '2000-01-01 00:00:00', '', 0, '', 0, ''),
(231, 1, 6, 26, 'Сис.блок ESPRIMO Core2Duo2GHz-3071Mb60Gb', 'YKAS888846', 'd019', '00-01-80-67-88-5b', '192.168.2.139', '', '2000-01-01 00:00:00', '2000-01-01 00:00:00', '', 0, '', 0, ''),
(232, 20, 8, 45, 'Удлинитель x3 3m white', '', 'd020', '', '', '', '2000-01-01 00:00:00', '2000-01-01 00:00:00', '', 0, '', 0, ''),
(233, 5, 19, 73, 'Монитор Philips 223V', '', '9', '', '', '', '2000-01-01 00:00:00', '2000-01-01 00:00:00', '', 0, '', 0, ''),
(234, 5, 6, 28, 'Монитор Philips 226V', '', '12', '', '', '', '2000-01-01 00:00:00', '2000-01-01 00:00:00', '', 0, '', 1, 'слегка треснут экран справа снизу'),
(235, 3, 6, 28, 'Клавиатура HAVIC Hv  usb black', '', 'd021', '', '', '', '2000-01-01 00:00:00', '2000-01-01 00:00:00', '', 0, '', 0, ''),
(236, 1, 6, 29, 'Сис.блок ESPRIMO Core2Duo2GHz-3071Mb60Gb', 'YKAS882572', 'd022', '00-01-80-67-18-81', '192.168.2.109', '', '2000-01-01 00:00:00', '2000-01-01 00:00:00', '', 0, 'work-109', 0, ''),
(237, 11, 6, 25, 'Свитч Canyon 8ports', '', 'A260', '', '', '', '2000-01-01 00:00:00', '2000-01-01 00:00:00', '', 0, '', 0, ''),
(238, 27, 19, 73, 'стол комп корич-светл орех', '', 'A323', '', '', '', '2000-01-01 00:00:00', '2000-01-01 00:00:00', '', 0, '', 0, ''),
(239, 5, 8, 43, 'LG FLATRON W1943C', '', 'A84', '', '', '', '2000-01-01 00:00:00', '2000-01-01 00:00:00', '', 0, '', 0, ''),
(240, 27, 20, 76, 'Стул зеленый', '', 'd023', '', '', '', '2000-01-01 00:00:00', '2000-01-01 00:00:00', '', 0, '', 0, ''),
(241, 1, 5, 22, 'IntelG1840-4Gb-320Gb', '', 'd024', 'd8-cb-8a-88-89-88', '192.168.2.148', '', '2000-01-01 00:00:00', '2000-01-01 00:00:00', '', 0, 'work-148', 0, ''),
(242, 3, 19, 73, 'Клав Made in China noname', '', 'd025', '', '', '', '2000-01-01 00:00:00', '2000-01-01 00:00:00', '', 0, '', 1, 'не работают некоторые кнопки'),
(244, 18, 11, 32, 'TP-link TL-WN722N', '', 'A319', 'E8-DE-88-A3-88-88', '', '', '2000-01-01 00:00:00', '2000-01-01 00:00:00', '', 0, '', 0, ''),
(245, 22, 15, 64, 'Лампа прищепка красная', '', '116', '', '', '', '2000-01-01 00:00:00', '2000-01-01 00:00:00', '', 0, '', 1, 'не светит'),
(246, 18, 14, 69, 'Dlink аненна-роутер', '', 'Б102', '', '', '', '2000-01-01 00:00:00', '2000-01-01 00:00:00', '', 0, '', 0, ''),
(247, 27, 11, 32, 'Стул зеленый', 'none', 'd026', '', '', '', '2000-01-01 00:00:00', '2000-01-01 00:00:00', '', 0, '', 0, ''),
(248, 2, 19, 73, 'HAVIC HW-M8000', '', 'd027', '', '', '', '2000-01-01 00:00:00', '2000-01-01 00:00:00', '', 0, '', 0, ''),
(249, 5, 6, 26, 'PHILIPS 226V', '', 'd028', '', '', '', '2000-01-01 00:00:00', '2000-01-01 00:00:00', '', 0, '', 0, ''),
(250, 20, 19, 71, 'Удлинитель x5 1.5m white', '', 'd029', '', '', '', '2000-01-01 00:00:00', '2000-01-01 00:00:00', '', 0, '', 0, ''),
(251, 1, 19, 73, 'Сис.блок ESPRIMO Core2Duo2GHz-3071Mb80Gb', 'YKAS888870', 'd030', '00-01-80-88-67-08-ea', '192.168.2.144', '', '2000-01-01 00:00:00', '2000-01-01 00:00:00', '', 0, '', 0, ''),
(252, 27, 11, 32, 'Стол темн-коричн тумба справа', '', 'd031', '', '', '', '2000-01-01 00:00:00', '2000-01-01 00:00:00', '', 0, '', 0, ''),
(253, 3, 12, 40, 'HAVIC-HV-KB327', '', 'd032', '', '', '', '2000-01-01 00:00:00', '2000-01-01 00:00:00', '', 0, '', 0, ''),
(254, 25, 12, 41, 'Калькулятор Citizen SDC-888TII', '', 'd033', '', '', '', '2000-01-01 00:00:00', '2000-01-01 00:00:00', '', 0, '', 0, ''),
(255, 15, 12, 41, 'Колонки USB white', '', 'A273', '', '', '', '2000-01-01 00:00:00', '2000-01-01 00:00:00', '', 0, '', 0, ''),
(256, 5, 12, 41, 'Acer G246HL', '', 'd034', '', '', '', '2000-01-01 00:00:00', '2000-01-01 00:00:00', '', 0, '', 0, ''),
(257, 25, 12, 41, 'Калькулятор Citizen SDC-519', '', 'A310', '', '', '', '2000-01-01 00:00:00', '2000-01-01 00:00:00', '', 0, '', 0, ''),
(258, 7, 12, 41, 'M-710 7"', '', 'd035', '', '', '', '2000-01-01 00:00:00', '2000-01-01 00:00:00', '', 0, '', 0, ''),
(259, 27, 12, 41, 'Сейф малый с электронным замком', '', 'd036', '', '', '', '2000-01-01 00:00:00', '2000-01-01 00:00:00', '', 0, '', 0, ''),
(260, 3, 7, 46, 'HAVIC HV-KB327', '', 'd037', '', '', '', '2000-01-01 00:00:00', '2000-01-01 00:00:00', '', 0, '', 0, ''),
(261, 5, 7, 46, 'Монитор Philips 226V', '', 'd038', '', '', '', '2000-01-01 00:00:00', '2000-01-01 00:00:00', '', 0, '', 0, ''),
(262, 16, 7, 46, 'ACME garniture', '', 'd039', '', '', '', '2000-01-01 00:00:00', '2000-01-01 00:00:00', '', 0, '', 0, ''),
(263, 17, 8, 45, 'Камера Hi-Rali USB', '', 'd040', '', '', '', '2000-01-01 00:00:00', '2000-01-01 00:00:00', '', 0, '', 0, ''),
(264, 27, 7, 46, 'Кресло хромированное', '', 'd041', '', '', '', '2000-01-01 00:00:00', '2000-01-01 00:00:00', '', 0, '', 0, ''),
(265, 5, 7, 38, 'PHILIPS 223V', '', 'd042', '', '', '', '2000-01-01 00:00:00', '2000-01-01 00:00:00', '', 0, '', 0, ''),
(266, 1, 8, 45, 'IntelG1840-4Gb-250Gb', '', 'd043', '', '', '', '2000-01-01 00:00:00', '2000-01-01 00:00:00', '', 0, '', 0, ''),
(267, 27, 7, 38, 'Стул зеленый', '', 'd044', '', '', '', '2000-01-01 00:00:00', '2000-01-01 00:00:00', '', 0, '', 0, ''),
(268, 2, 7, 37, 'HARDITY MO-140 USB', '', 'd045', '', '', '', '2000-01-01 00:00:00', '2000-01-01 00:00:00', '', 0, '', 0, ''),
(269, 25, 7, 37, 'Калькулятор Caruida DM-1200V', '', 'd046', '', '', '', '2000-01-01 00:00:00', '2000-01-01 00:00:00', '', 0, '', 0, ''),
(271, 24, 7, 36, 'Огнетушитель ВВК-2', '', '130', '', '', '', '2000-01-01 00:00:00', '2000-01-01 00:00:00', '', 0, '', 0, ''),
(272, 27, 7, 36, 'Холодильник Днепр 2М', '', 'd048', '', '', '', '2000-01-01 00:00:00', '2000-01-01 00:00:00', '', 0, '', 0, ''),
(273, 27, 7, 36, 'Water despenser LB-LWB 0,5', '', 'd049', '', '', '', '2000-01-01 00:00:00', '2000-01-01 00:00:00', '', 0, '', 0, ''),
(274, 11, 8, 45, 'USB modem CDMACricket (tel:0578878870)', '', 'd050', '', '', '', '2000-01-01 00:00:00', '2000-01-01 00:00:00', '', 0, '', 0, ''),
(275, 26, 8, 45, 'Паяльник China 80w', '', 'd051', '', '', '', '2000-01-01 00:00:00', '2000-01-01 00:00:00', '', 0, '', 0, ''),
(276, 2, 13, 52, 'HAVIC HW-M8000', '', 'd052', '', '', '', '2000-01-01 00:00:00', '2000-01-01 00:00:00', '', 0, '', 0, ''),
(277, 14, 8, 45, 'USB 3D sound', '', 'd053', '', '', '', '2000-01-01 00:00:00', '2000-01-01 00:00:00', '', 0, '', 0, ''),
(278, 14, 8, 45, 'USB 3D sound', '', 'd054', '', '', '', '2000-01-01 00:00:00', '2000-01-01 00:00:00', '', 0, '', 0, ''),
(279, 14, 1, 9, 'USB 3D sound', '', 'd055', '', '', '', '2000-01-01 00:00:00', '2000-01-01 00:00:00', '', 0, '', 1, 'Нет крышечки корпуса'),
(281, 10, 6, 29, 'Тел. SAMSUMG GT-c5212i', '', 'd060', '', '', '', '2000-01-01 00:00:00', '2000-01-01 00:00:00', '', 0, '', 1, 'вздулся аккумулятор'),
(282, 7, 20, 49, 'Навигатор PIONEER  с подставкой', '', 'd056', '', '', '', '2000-01-01 00:00:00', '2000-01-01 00:00:00', '', 0, 'навигатором пользуется Владимир', 0, ''),
(283, 31, 20, 49, 'Mersedes Benc Sprinter', '', 'd057', '', '', '', '2000-01-01 00:00:00', '2000-01-01 00:00:00', '', 0, '', 0, ''),
(284, 20, 20, 75, 'Переходник питания Carlife', '', 'd058', '', '', '', '2000-01-01 00:00:00', '2000-01-01 00:00:00', '', 0, '', 0, ''),
(285, 15, 20, 49, 'Автомагнитола в мерседесе Marshall', '', 'd059', '', '', '', '2000-01-01 00:00:00', '2000-01-01 00:00:00', '', 0, '', 0, ''),
(286, 24, 20, 49, 'Огнетушитель малый', '', 'd061', '', '', '', '2000-01-01 00:00:00', '2000-01-01 00:00:00', '', 0, '', 0, ''),
(287, 31, 20, 49, 'Запаска в Мерседес', '', 'd062', '', '', '', '2000-01-01 00:00:00', '2000-01-01 00:00:00', '', 0, '', 0, ''),
(288, 14, 8, 45, 'USB 3D sound DL-1201', '', 'd141', '', '', '', '2000-01-01 00:00:00', '2000-01-01 00:00:00', '', 0, '', 0, ''),
(289, 24, 14, 66, 'Огнетушитель ВВК-4-2', '', 'd063', '', '', '', '2000-01-01 00:00:00', '2000-01-01 00:00:00', '', 0, '', 0, ''),
(290, 31, 20, 50, 'Домкрат в Богдане', '', 'd064', '', '', '', '2000-01-01 00:00:00', '2000-01-01 00:00:00', '', 0, '', NULL, ''),
(291, 31, 20, 49, 'ЗАпасное колесо в Богдане', '', 'd065', '', '', '', '2000-01-01 00:00:00', '2000-01-01 00:00:00', '', 0, '', 0, ''),
(292, 15, 20, 49, 'Автомагнитола SONY 4x50w', '', 'd066', '', '', '', '2000-01-01 00:00:00', '2000-01-01 00:00:00', '', 0, '', 0, ''),
(293, 24, 20, 50, 'Огнетушитель ВВК-2', '', 'd067', '', '', '', '2000-01-01 00:00:00', '2000-01-01 00:00:00', '', 0, '', 0, ''),
(294, 19, 20, 50, 'Трос лента белая в Богдане', '', 'd068', '', '', '', '2000-01-01 00:00:00', '2000-01-01 00:00:00', '', 0, '', 0, ''),
(295, 27, 20, 49, 'Сейф малый в Богдане', '', 'd069', '', '', '', '2000-01-01 00:00:00', '2000-01-01 00:00:00', '', 0, '', 0, ''),
(296, 11, 12, 39, 'Router WIFI TL-WR941ND', 'A122', 'A122', '', '', '', '2000-01-01 00:00:00', '2000-01-01 00:00:00', '', 0, '', 0, ''),
(297, 26, 15, 64, 'Сварочный аппарат ТОР-150', '', 'd070', '', '', '', '2000-01-01 00:00:00', '2000-01-01 00:00:00', '', 0, '', 0, ''),
(298, 22, 15, 64, 'Лампа  с плафоном складского освещения (3шт)', '', 'd071', '', '', '', '2000-01-01 00:00:00', '2000-01-01 00:00:00', '', 0, '', 1, '1 плафон с браком'),
(299, 19, 15, 64, 'Болгарка Intertool WT-0202', '', 'd072', '', '', '', '2000-01-01 00:00:00', '2000-01-01 00:00:00', '', 0, '', 0, ''),
(300, 26, 15, 64, 'Электролобзик Монолит МП-2-600', '', 'd073', '', '', '', '2000-01-01 00:00:00', '2000-01-01 00:00:00', '', 0, '', 0, ''),
(301, 26, 15, 64, 'Ударная дрель STARK ID 910', '', 'd074', '', '', '', '2000-01-01 00:00:00', '2000-01-01 00:00:00', '', 0, '', 0, ''),
(302, 26, 15, 64, 'Паяльник для пластиковых труб', '', 'd075', '', '', '', '2000-01-01 00:00:00', '2000-01-01 00:00:00', '', 0, '', 0, ''),
(303, 2, 1, 7, 'HAVIC HW-M8000', '', 'А270', '', '', '', '2000-01-01 00:00:00', '2000-01-01 00:00:00', '', 0, '', 0, ''),
(304, 25, 5, 19, 'Калькулятор Keenly KK-3181A', '', 'd076', '', '', '', '2000-01-01 00:00:00', '2000-01-01 00:00:00', '', 0, '', 0, ''),
(305, 2, 5, 23, 'Trust USB black', '', 'd077', '', '', '', '2000-01-01 00:00:00', '2000-01-01 00:00:00', '', 0, '', 0, ''),
(306, 27, 5, 19, 'Стол письм. цвет орех', '', 'd078', '', '', '', '2000-01-01 00:00:00', '2000-01-01 00:00:00', '', 0, '', 0, ''),
(307, 27, 5, 19, 'Полка Настольная светло коричневая', '', 'd079', '', '', '', '2000-01-01 00:00:00', '2000-01-01 00:00:00', '', 0, '', 0, ''),
(308, 5, 5, 19, 'LG FLATRON W1943C', '', '11', '', '', '', '2000-01-01 00:00:00', '2000-01-01 00:00:00', '', 0, '', 0, ''),
(309, 27, 5, 22, 'Полка Настольная светло коричневая', '', 'd080', '', '', '', '2000-01-01 00:00:00', '2000-01-01 00:00:00', '', 0, '', 0, ''),
(310, 27, 5, 21, 'стол комп корич-светл орех', '', 'd081', '', '', '', '2000-01-01 00:00:00', '2000-01-01 00:00:00', '', 0, '', 0, ''),
(311, 2, 6, 28, 'Trust USB black', '', 'd191', '', '', '', '2000-01-01 00:00:00', '2000-01-01 00:00:00', '', 0, '', 0, ''),
(312, 5, 6, 28, 'PHILIPS 226V', '', 'd083', '', '', '', '2000-01-01 00:00:00', '2000-01-01 00:00:00', '', 0, '', 0, ''),
(313, 1, 8, 42, 'Сис.блок ESPRIMO Core2Duo2GHz-3071Mb60Gb', 'Y88S002881', 'd082-000', '', '', '', '2000-01-01 00:00:00', '2000-01-01 00:00:00', '', 0, '', 0, ''),
(314, 20, 5, 22, 'Удлинитель x5 1.5m white', '', 'd085', '', '', '', '2000-01-01 00:00:00', '2000-01-01 00:00:00', '', 0, '', 0, ''),
(315, 3, 5, 77, 'Клавиатура HAVIC HW-KB327  usb black', '', 'd086', '', '', '', '2000-01-01 00:00:00', '2000-01-01 00:00:00', '', 0, '', 0, ''),
(316, 2, 5, 77, 'Мышка HAVIC USB', '', 'd087', '', '', '', '2000-01-01 00:00:00', '2000-01-01 00:00:00', '', 0, '', 0, ''),
(317, 1, 5, 77, 'Сис.блок ESPRIMO Core2Duo2GHz-3071Mb60Gb', 'YKAS088441', 'd088', '00-01-80-67-88-d9', '192.168.2.137', '', '2000-01-01 00:00:00', '2000-01-01 00:00:00', '', 0, '', 0, ''),
(318, 27, 5, 77, 'Полка Настольная светло коричневая', '', 'd089', '', '', '', '2000-01-01 00:00:00', '2000-01-01 00:00:00', '', 0, '', 0, ''),
(319, 20, 5, 77, 'Удлинитель x5 1.5m grey', '', 'd090', '', '', '', '2000-01-01 00:00:00', '2000-01-01 00:00:00', '', 0, '', 0, ''),
(321, 27, 5, 18, 'Стол железный под принтер', '', 'd092', '', '', '', '2000-01-01 00:00:00', '2000-01-01 00:00:00', '', 0, '', 0, ''),
(322, 26, 5, 18, 'Жалюзи малые', '', 'd093', '', '', '', '2000-01-01 00:00:00', '2000-01-01 00:00:00', '', 0, '', 0, ''),
(324, 27, 13, 51, 'Зонт былый для фото', '', '821', '', '', '', '2000-01-01 00:00:00', '2000-01-01 00:00:00', '', 0, '', 0, ''),
(325, 27, 13, 51, 'Штатив на ножке для фотогарфа', '', '831', '', '', '', '2000-01-01 00:00:00', '2000-01-01 00:00:00', '', 0, '', 0, ''),
(326, 27, 13, 51, 'Лайтбокс для фотосьемки', '', '830', '', '', '', '2000-01-01 00:00:00', '2000-01-01 00:00:00', '', 0, '', 0, ''),
(327, 27, 13, 51, 'Манекен мальчик', '', '670', '', '', '', '2000-01-01 00:00:00', '2000-01-01 00:00:00', '', 0, '', 0, ''),
(328, 27, 13, 51, 'Манекен ноги женские', '', '829', '', '', '', '2000-01-01 00:00:00', '2000-01-01 00:00:00', '', 0, '', 0, ''),
(329, 22, 13, 51, 'Фото-радиосинхроннизатор', '', '815', '', '', '', '2000-01-01 00:00:00', '2000-01-01 00:00:00', '', 0, '', 0, ''),
(330, 27, 12, 39, 'Софтбокс с байонетом 60x20', '', '833', '', '', '', '2000-01-01 00:00:00', '2000-01-01 00:00:00', '', 0, '', 0, ''),
(331, 27, 13, 51, 'Штатив для фототехники на ножке 2м', '', '832', '', '', '', '2000-01-01 00:00:00', '2000-01-01 00:00:00', '', 0, '', 0, ''),
(332, 27, 12, 39, 'Стойка студийная RS-2600 2,6м', '', '819', '', '', '', '2000-01-01 00:00:00', '2000-01-01 00:00:00', '', 0, '', 0, ''),
(333, 27, 13, 51, 'Штатив для фотоаппарата Арсенал 1620', '', '825', '', '', '', '2000-01-01 00:00:00', '2000-01-01 00:00:00', '', 0, '', 0, '');
INSERT INTO `units` (`id`, `utype_id`, `emplacement_id`, `workplace_id`, `name`, `serial_num`, `inventory_num`, `mac_addr`, `main_ipv4`, `main_ipv6`, `dt_purchase`, `dt_endwarranty`, `vendor_name`, `cost`, `documents`, `is_broken`, `broken_description`) VALUES
(334, 27, 13, 51, 'Штатив для фотоаппарата Арсенал 3770', '', '826', '', '', '', '2000-01-01 00:00:00', '2000-01-01 00:00:00', '', 0, '', 0, ''),
(335, 22, 13, 51, 'Стдийная вспышка К-150', '', '816', '', '', '', '2000-01-01 00:00:00', '2000-01-01 00:00:00', '', 0, '', 0, ''),
(336, 22, 13, 51, 'Студийная фотовспышка Godox DE-300 (300Дж)', '', '814', '', '', '', '2000-01-01 00:00:00', '2000-01-01 00:00:00', '', 0, '', 0, ''),
(337, 27, 13, 51, 'Манекен торс женский', '', '828', '', '', '', '2000-01-01 00:00:00', '2000-01-01 00:00:00', '', 0, '', 0, ''),
(338, 27, 13, 51, 'Манекен торс мужской', '', '827', '', '', '', '2000-01-01 00:00:00', '2000-01-01 00:00:00', '', 0, '', 0, ''),
(340, 22, 13, 51, 'Проводной LED-прожектор 30W', '', '824', '', '', '', '2000-01-01 00:00:00', '2000-01-01 00:00:00', '', 0, '', 0, ''),
(341, 20, 13, 52, 'Удлинитель x5 3m', '', 'd094', '', '', '', '2000-01-01 00:00:00', '2000-01-01 00:00:00', '', 0, '', 0, ''),
(342, 20, 13, 52, 'Удлинитель x5 1.5m white', '', 'd095', '', '', '', '2000-01-01 00:00:00', '2000-01-01 00:00:00', '', 0, '', 0, ''),
(343, 27, 13, 51, 'Стол на ножках малый', '', 'd096', '', '', '', '2000-01-01 00:00:00', '2000-01-01 00:00:00', '', 0, '', 0, ''),
(344, 27, 13, 51, 'Полка широкая из 2-х секций', '', 'd097', '', '', '', '2000-01-01 00:00:00', '2000-01-01 00:00:00', '', 0, '', 0, ''),
(345, 27, 13, 51, 'Стул классический зеленый', '', 'd098', '', '', '', '2000-01-01 00:00:00', '2000-01-01 00:00:00', '', 0, '', 0, ''),
(346, 27, 13, 51, 'Стол для фотографирования', '', 'd099', '', '', '', '2000-01-01 00:00:00', '2000-01-01 00:00:00', '', 0, '', 0, ''),
(347, 27, 13, 51, 'Стол старинный малый', '', 'd100', '', '', '', '2000-01-01 00:00:00', '2000-01-01 00:00:00', '', 0, '', 0, ''),
(348, 17, 13, 51, 'Регистратор AVT на 4 входа с блоком питания', '', 'A142', '', '', '', '2000-01-01 00:00:00', '2000-01-01 00:00:00', '', 0, '', 0, ''),
(350, 5, 5, 21, 'PHILIPS 223V', '', '6', '', '', '', '2000-01-01 00:00:00', '2000-01-01 00:00:00', '', 0, '', 0, ''),
(351, 3, 5, 21, 'Клавиатура SVEN black', '', 'd102', '', '', '', '2000-01-01 00:00:00', '2000-01-01 00:00:00', '', 0, '', 0, ''),
(352, 2, 6, 28, 'Trust USB black', '', 'd103', '', '', '', '2000-01-01 00:00:00', '2000-01-01 00:00:00', '', 0, '', 0, ''),
(353, 11, 14, 62, 'Wifi USB adapter', '', 'A04', '64-70-02-88-88-4a', '', '', '2000-01-01 00:00:00', '2000-01-01 00:00:00', '', 0, '', 0, ''),
(354, 1, 6, 28, 'Сис.блок AtlonII240-2,6GHz-6Gb-500Gb', '', 'A61', 'd4-3d-88-37-88-88', '192.168.2.110', '', '2000-01-01 00:00:00', '2000-01-01 00:00:00', '', 0, '', 0, ''),
(355, 27, 13, 53, 'Стол старинный большой', '', 'd104', '', '', '', '2000-01-01 00:00:00', '2000-01-01 00:00:00', '', 0, '', 0, ''),
(356, 30, 14, 66, 'Баркас большой', '', 'd105', '', '', '', '2000-01-01 00:00:00', '2000-01-01 00:00:00', '', 0, '', 0, ''),
(357, 29, 14, 66, 'Кондиционер NEO', '', 'd106', '', '', '', '2000-01-01 00:00:00', '2000-01-01 00:00:00', '', 0, '', 0, ''),
(358, 24, 14, 66, 'Огнетушитель большой', '', 'd107', '', '', '', '2000-01-01 00:00:00', '2000-01-01 00:00:00', '', 0, '', 0, ''),
(359, 27, 10, 47, 'Стол приемки большой', '', 'd108', '', '', '', '2000-01-01 00:00:00', '2000-01-01 00:00:00', '', 0, '', 0, ''),
(360, 27, 10, 47, 'Стол малый для приемки', '', 'd109', '', '', '', '2000-01-01 00:00:00', '2000-01-01 00:00:00', '', 0, '', 0, ''),
(361, 27, 10, 47, 'Стул пластиковый типа табурета', '', 'd110', '', '', '', '2000-01-01 00:00:00', '2000-01-01 00:00:00', '', 0, '', 0, ''),
(362, 27, 14, 61, 'Стол тумба старинный', '', 'd111', '', '', '', '2000-01-01 00:00:00', '2000-01-01 00:00:00', '', 0, '', 0, ''),
(363, 2, 14, 66, 'Genius USB black', '', 'A115', '', '', '', '2000-01-01 00:00:00', '2000-01-01 00:00:00', '', 0, '', 1, 'не работают некоторые кнопки'),
(364, 11, 14, 66, 'Свитч DLINK 8ports', '', 'd112', '', '', '', '2000-01-01 00:00:00', '2000-01-01 00:00:00', '', 0, '', 0, ''),
(365, 27, 14, 66, 'Стол маленький для товара', '', 'd113', '', '', '', '2000-01-01 00:00:00', '2000-01-01 00:00:00', '', 0, '', 0, ''),
(367, 27, 14, 62, 'Кресло кожа-ткань', '', 'd115', '', '', '', '2000-01-01 00:00:00', '2000-01-01 00:00:00', '', 0, '', 0, ''),
(368, 25, 14, 62, 'Калькулятор EATES DC838', '', 'd116', '', '', '', '2000-01-01 00:00:00', '2000-01-01 00:00:00', '', 0, '', 0, ''),
(369, 5, 14, 62, 'Монитор Philips 236V', '', 'd117', '', '', '', '2000-01-01 00:00:00', '2000-01-01 00:00:00', '', 0, '', 0, ''),
(370, 23, 20, 75, 'Ariston Водонагреват. бак 1800Вт', '', 'd118', '', '', '', '2000-01-01 00:00:00', '2000-01-01 00:00:00', '', 0, '', 0, ''),
(372, 20, 14, 61, 'Удлинитель x5 1.5m white', '', 'd120', '', '', '', '2000-01-01 00:00:00', '2000-01-01 00:00:00', '', 0, '', 0, ''),
(373, 24, 14, 63, 'Противопожарный балон большой', '', 'd119', '', '', '', '2000-01-01 00:00:00', '2000-01-01 00:00:00', '', 0, '', 0, ''),
(374, 27, 14, 61, 'Стойка терминальная оранжевая', '', 'Б08', '', '', '', '2000-01-01 00:00:00', '2000-01-01 00:00:00', '', 0, '', 0, ''),
(375, 23, 14, 66, 'Микроволновка A-PLUS', '', 'd122', '', '', '', '2000-01-01 00:00:00', '2000-01-01 00:00:00', '', 0, '', 0, ''),
(376, 27, 14, 66, 'Каркас стола для приемки товара большой', '', 'd123', '', '', '', '2000-01-01 00:00:00', '2000-01-01 00:00:00', '', 0, '', 0, ''),
(377, 27, 14, 66, 'Лист OSB для стола', '', 'd124', '', '', '', '2000-01-01 00:00:00', '2000-01-01 00:00:00', '', 0, '', 0, ''),
(378, 27, 14, 66, 'Лист OSB для стола', '', 'd189', '', '', '', '2000-01-01 00:00:00', '2000-01-01 00:00:00', '', 0, '', 0, ''),
(379, 27, 15, 64, ' Комлект прилавка в полусборе', '', 'd126', '', '', '', '2000-01-01 00:00:00', '2000-01-01 00:00:00', '', 0, '', 0, ''),
(380, 23, 15, 64, 'Котел прометей (Бывший хозяйский)', '', 'd197', '', '', '', '2000-01-01 00:00:00', '2000-01-01 00:00:00', '', 0, '', 0, ''),
(381, 31, 15, 64, 'Коробка от Газели (не рабочая)', '', 'd188', '', '', '', '2000-01-01 00:00:00', '2000-01-01 00:00:00', '', 0, '', 1, 'Виталий говорил что её надо в мастерскую'),
(382, 31, 15, 64, 'Набор двух передних фар Богдана', '', 'd128', '', '', '', '2000-01-01 00:00:00', '2000-01-01 00:00:00', '', 0, '', 0, ''),
(383, 31, 15, 64, 'Канистра латунная 20л', '', 'd129', '', '', '', '2000-01-01 00:00:00', '2000-01-01 00:00:00', '', 0, '', 0, ''),
(384, 19, 15, 64, 'Маски для сварки (3штуки)', '', 'd130', '', '', '', '2000-01-01 00:00:00', '2000-01-01 00:00:00', '', 0, '', 0, ''),
(385, 27, 15, 64, 'Силиконовые шторы (1набор)', '', 'd131', '', '', '', '2000-01-01 00:00:00', '2000-01-01 00:00:00', '', 0, '', 0, ''),
(386, 27, 15, 64, 'Сетки витринные с каркасом (2 штуки)', '', 'd132', '', '', '', '2000-01-01 00:00:00', '2000-01-01 00:00:00', '', 0, '', 0, ''),
(387, 13, 15, 64, 'Профили для крыши типа шиферной плиты', '', 'd133', '', '', '', '2000-01-01 00:00:00', '2000-01-01 00:00:00', '', 0, '', 0, ''),
(388, 27, 16, 65, 'Стол в поли-оббивке для товара', '', 'd134', '', '', '', '2000-01-01 00:00:00', '2000-01-01 00:00:00', '', 0, '', 0, ''),
(389, 27, 15, 64, 'стол комп с синей декор панелью', '', 'd135', '', '', '', '2000-01-01 00:00:00', '2000-01-01 00:00:00', '', 0, '', 0, ''),
(390, 22, 16, 65, 'Баннер с подсветкой надписи ОТКРЫТО', '', 'd147', '', '', '', '2000-01-01 00:00:00', '2000-01-01 00:00:00', '', 0, '', 0, ''),
(391, 25, 16, 65, 'Маркиратор Economix 40705', '', 'd148', '', '', '', '2000-01-01 00:00:00', '2000-01-01 00:00:00', '', 0, '', 0, ''),
(392, 25, 16, 65, 'Маркиратор MX5500', '', 'd149', '', '', '', '2000-01-01 00:00:00', '2000-01-01 00:00:00', '', 0, '', 0, ''),
(393, 25, 16, 65, 'Калькулятор Citizen SDC-240E', '', 'd150', '', '', '', '2000-01-01 00:00:00', '2000-01-01 00:00:00', '', 0, '', 0, ''),
(394, 5, 9, 16, 'PHILIPS 226V', '', '5', '', '', '', '2000-01-01 00:00:00', '2000-01-01 00:00:00', '', 0, '', 0, ''),
(395, 2, 8, 43, 'HAVIC HW-M8000', '', 'd151', '', '', '', '2000-01-01 00:00:00', '2000-01-01 00:00:00', '', 0, '', 0, ''),
(396, 23, 18, 56, 'Котел РОСС', '', 'd152', '', '', '', '2000-01-01 00:00:00', '2000-01-01 00:00:00', '', 0, '', 0, ''),
(397, 1, 9, 16, 'IntelG2120-3,5Gb-500Gb', '', 'A104', '', '', '', '2000-01-01 00:00:00', '2000-01-01 00:00:00', '', 0, '', 0, ''),
(398, 25, 9, 16, 'Калькулятор Citizen SDC-519', '', 'd154', '', '', '', '2000-01-01 00:00:00', '2000-01-01 00:00:00', '', 0, '', 0, ''),
(399, 17, 9, 16, 'Камера Logitec HD720p', '', 'd125', '', '', '', '2000-01-01 00:00:00', '2000-01-01 00:00:00', '', 0, '', 0, ''),
(400, 27, 9, 16, 'стул офисный ц.черный', '', 'd156', '', '', '', '2000-01-01 00:00:00', '2000-01-01 00:00:00', '', 0, '', 0, ''),
(401, 27, 9, 16, 'Стол письменный с тумбой', '', 'd157', '', '', '', '2000-01-01 00:00:00', '2000-01-01 00:00:00', '', 0, '', 0, ''),
(402, 27, 15, 64, 'Сетки витринные (из магазина) 26 шт.', '', 'd158', '', '', '', '2000-01-01 00:00:00', '2000-01-01 00:00:00', '', 0, '', 0, ''),
(403, 27, 15, 64, 'Сетки-половинки витринные (из магазина)5шт.', '', 'd159', '', '', '', '2000-01-01 00:00:00', '2000-01-01 00:00:00', '', 0, '', 0, ''),
(404, 13, 14, 69, 'Линолеум с магазина (2 рулона)', '', 'd160', '', '', '', '2000-01-01 00:00:00', '2000-01-01 00:00:00', '', 0, '', 0, ''),
(405, 13, 14, 66, 'Линолеум узкий с магазина (1 рулон)', '', '000', '', '', '', '2000-01-01 00:00:00', '2000-01-01 00:00:00', '', 0, '', 0, ''),
(406, 22, 10, 47, 'Светильники большие на складах(31шт.)', '', 'd162', '', '', '', '2000-01-01 00:00:00', '2000-01-01 00:00:00', '', 0, '', 0, ''),
(407, 22, 15, 64, 'Светильники большие  в запасе(5шт.)', '', 'd163', '', '', '', '2000-01-01 00:00:00', '2000-01-01 00:00:00', '', 0, '', 0, ''),
(408, 30, 14, 66, 'Весф электронные ручные WeiHeng', '', 'd164', '', '', '', '2000-01-01 00:00:00', '2000-01-01 00:00:00', '', 0, '', 0, ''),
(409, 25, 12, 40, 'Степлер для скоб Dingli', '', 'd165', '', '', '', '2000-01-01 00:00:00', '2000-01-01 00:00:00', '', 0, '', 0, ''),
(410, 25, 7, 46, 'Степлер  BUROMAX 4229', '', 'd166', '', '', '', '2000-01-01 00:00:00', '2000-01-01 00:00:00', '', 0, '', 0, ''),
(411, 25, 7, 46, 'Степлер для скоб Dingli DL971', '', 'd167', '', '', '', '2000-01-01 00:00:00', '2000-01-01 00:00:00', '', 0, '', 0, ''),
(412, 25, 12, 40, 'Степлер для скоб простой', '', 'd168', '', '', '', '2000-01-01 00:00:00', '2000-01-01 00:00:00', '', 0, '', 0, ''),
(413, 20, 14, 66, 'Удлинитель x5 5m white', '', 'd169', '', '', '', '2000-01-01 00:00:00', '2000-01-01 00:00:00', '', 0, '', 0, ''),
(414, 2, 19, 70, 'Genius DX-120 Pink USB', '', 'd161', '', '', '', '2000-01-01 00:00:00', '2000-01-01 00:00:00', '', 0, '', 0, ''),
(415, 27, 19, 70, 'Стол комп. светло коричн', '', '403', '', '', '', '2000-01-01 00:00:00', '2000-01-01 00:00:00', '', 0, '', 0, ''),
(416, 5, 19, 70, 'PHILIPS  223V', '', '1', '', '', '', '2000-01-01 00:00:00', '2000-01-01 00:00:00', '', 0, '', 0, ''),
(417, 20, 19, 70, 'Удлин. x5 черн 3м', '', 'd003', '', '', '', '2000-01-01 00:00:00', '2000-01-01 00:00:00', '', 0, '', 0, ''),
(418, 1, 19, 70, 'AtlonIIX245-4Gb-500Gb', '', 'A13', 'd4-3d-7e-88-23-88', '192.168.2.140', '', '2000-01-01 00:00:00', '2000-01-01 00:00:00', '', 0, '', 0, ''),
(419, 3, 19, 70, 'Geenius Slimstar 110 black', '', 'A57', '', '', '', '2000-01-01 00:00:00', '2000-01-01 00:00:00', '', 0, '', 0, ''),
(420, 20, 19, 72, 'Удлин.x5 серый 3м', '', '30', '', '', '', '2000-01-01 00:00:00', '2000-01-01 00:00:00', '', 0, '', 0, ''),
(421, 2, 19, 72, 'Genius USB black', '', 'A38', '', '', '', '2000-01-01 00:00:00', '2000-01-01 00:00:00', '', 0, '', 0, ''),
(422, 3, 19, 72, 'Genius KB-06XE', '', '378', '', '', '', '2000-01-01 00:00:00', '2000-01-01 00:00:00', '', 0, '', 0, ''),
(423, 1, 19, 72, 'SempronX2_190-4Gb-500Gb', '', '312', '10-bf-48-76-88-88', '192.168.2.131', '', '2000-01-01 00:00:00', '2000-01-01 00:00:00', '', 0, '', 0, ''),
(424, 11, 19, 58, 'Свитч TP-Link 8ports', '', 'А89', '', '', '', '2000-01-01 00:00:00', '2000-01-01 00:00:00', '', 0, '', 0, ''),
(425, 27, 19, 74, 'Стол комп. коричн-бежевый ', '', 'd170', '', '', '', '2000-01-01 00:00:00', '2000-01-01 00:00:00', '', 0, '', 0, ''),
(426, 29, 19, 58, 'Электрообогреватель POLARIS (2000W)', '', 'd171', '', '', '', '2000-01-01 00:00:00', '2000-01-01 00:00:00', '', 0, '', 0, ''),
(427, 5, 8, 43, 'SAMSUNG S22C150', '', '350', '', '', '', '2000-01-01 00:00:00', '2000-01-01 00:00:00', '', 0, '', 0, ''),
(428, 11, 8, 45, 'TP-link TL-WR841ND', '', 'd173', '', '', '', '2000-01-01 00:00:00', '2000-01-01 00:00:00', '', 0, '', 0, ''),
(429, 27, 6, 25, 'Стол металический малый', '', 'd174', '', '', '', '2000-01-01 00:00:00', '2000-01-01 00:00:00', '', 0, '', 0, ''),
(430, 2, 5, 20, 'Genius DX-120 white USB', '', 'd175', '', '', '', '2000-01-01 00:00:00', '2000-01-01 00:00:00', '', 0, '', 0, ''),
(431, 25, 5, 20, 'Калькулятор Citizen SDC-519', '', 'd176', '', '', '', '2000-01-01 00:00:00', '2000-01-01 00:00:00', '', 0, '', 0, ''),
(432, 27, 6, 27, 'Стул зеленый', '', '314', '', '', '', '2000-01-01 00:00:00', '2000-01-01 00:00:00', '', 0, '', 0, ''),
(433, 27, 6, 27, 'стол темн-коричн с прав тумбочкой', '', 'd177', '', '', '', '2000-01-01 00:00:00', '2000-01-01 00:00:00', '', 0, '', 0, ''),
(434, 27, 6, 25, 'Стойка терминальная оранжевая', '', '609', '', '', '', '2000-01-01 00:00:00', '2000-01-01 00:00:00', '', 0, '', 0, ''),
(435, 27, 6, 28, 'стол темн-коричн с прав тумбочкой', '', 'd178', '', '', '', '2000-01-01 00:00:00', '2000-01-01 00:00:00', '', 0, '', 0, ''),
(436, 27, 6, 30, 'стол темн-коричн с прав тумбочкой', '', 'd179', '', '', '', '2000-01-01 00:00:00', '2000-01-01 00:00:00', '', 0, '', 0, ''),
(437, 20, 6, 28, 'Удлинитель x5 3m чёрн.', '', '310', '', '', '', '2000-01-01 00:00:00', '2000-01-01 00:00:00', '', 0, '', 0, ''),
(438, 2, 5, 22, 'Trust USB black', '', 'd180', '', '', '', '2000-01-01 00:00:00', '2000-01-01 00:00:00', '', 0, '', 0, ''),
(439, 20, 6, 30, 'Удлинитель x5 1.5m white', '', 'A241', '', '', '', '2000-01-01 00:00:00', '2000-01-01 00:00:00', '', 0, '', 0, ''),
(441, 11, 11, 31, 'Свитч TP-LINK 8ports', '', 'А05', '', '', '', '2000-01-01 00:00:00', '2000-01-01 00:00:00', '', 0, '', 0, ''),
(442, 20, 11, 32, 'Удлинитель x5 3м серый', '', 'A315', '', '', '', '2000-01-01 00:00:00', '2000-01-01 00:00:00', '', 0, '', 0, ''),
(443, 25, 12, 40, 'SHARP  EL-237 white', '', 'd181', '', '', '', '2000-01-01 00:00:00', '2000-01-01 00:00:00', '', 0, '', 0, ''),
(444, 20, 14, 66, 'Удлинитель x4 3м белый', '', 'd182', '', '', '', '2000-01-01 00:00:00', '2000-01-01 00:00:00', '', 0, '', 0, ''),
(445, 23, 14, 66, 'Чайник A-PLUS 2L', '', 'd183', '', '', '', '2000-01-01 00:00:00', '2000-01-01 00:00:00', '', 0, '', 0, ''),
(446, 27, 12, 41, 'Стол темно-коричн с большой столешн.', '', '98', '', '', '', '2000-01-01 00:00:00', '2000-01-01 00:00:00', '', 0, '', 0, ''),
(447, 1, 9, 17, 'Системн Блок AMD LE-1100/1,8GHz', '', '399', '00-1d-60-88-88-e3', '192.168.2.120', '', '2000-01-01 00:00:00', '2000-01-01 00:00:00', '', 0, '', 0, ''),
(448, 20, 14, 63, 'Удлинитель x5 3m бежвый', '', '390', '', '', '', '2000-01-01 00:00:00', '2000-01-01 00:00:00', '', 0, '', 0, ''),
(449, 15, 14, 63, 'Колонки Havic USB black', '', 'd184', '', '', '', '2000-01-01 00:00:00', '2000-01-01 00:00:00', '', 0, '', 0, ''),
(451, 12, 14, 63, 'EPSON WP-4020', 'NUEY028860', 'd186', 'A4:88:57:68:88:24', '192.168.2.112', '', '2000-01-01 00:00:00', '2000-01-01 00:00:00', '', 0, '', 0, ''),
(452, 20, 13, 51, 'Удлинитель SVEN x5 1,5m бежевый', '', 'd187', '', '', '', '2000-01-01 00:00:00', '2000-01-01 00:00:00', '', 0, '', 0, ''),
(453, 10, 8, 43, 'Nokia 6220', '', '31', '', '', '', '2000-01-01 00:00:00', '2000-01-01 00:00:00', '', 0, '', 0, ''),
(454, 27, 9, 16, 'Стол письменный с тумбой слева', '', 'd127', '', '', '', '2000-01-01 00:00:00', '2000-01-01 00:00:00', '', 0, '', 0, ''),
(455, 2, 9, 16, 'Мышка Havit USB black', '', 'd121', '', '', '', '2000-01-01 00:00:00', '2000-01-01 00:00:00', '', 0, '', 0, ''),
(456, 2, 14, 61, 'Мышка Genius NetScroll 120 black', '', 'A113', '', '', '', '2000-01-01 00:00:00', '2000-01-01 00:00:00', '', 0, '', 0, ''),
(457, 20, 8, 45, 'Удлинитель x5 3m черный', '', 'А67', '', '', '', '2000-01-01 00:00:00', '2000-01-01 00:00:00', '', 0, '', 0, ''),
(458, 12, 19, 58, 'EPSON WP-4020 model B4941', '*NUE88888810*', 'd190', 'a4-ee-88-e8-88-8c', '', '', '2016-10-28 10:00:00', '2017-04-28 10:00:00', 'inksystem.biz', 2299, 'гарантия и гарантийный талон в бухгалтерии', 0, ''),
(459, 20, 6, 28, 'Удлинитель x5 серый 3m', '', 'A132', '', '', '', '2000-01-01 00:00:00', '2000-01-01 00:00:00', '', 0, '', 0, ''),
(460, 17, 20, 75, 'IR Digital CCD Camera', '', 'A145', '', '', '', '2000-01-01 00:00:00', '2000-01-01 00:00:00', '', 0, '', 0, ''),
(461, 17, 20, 75, 'IR Digital CCD Camera', '', 'A144', '', '', '', '2000-01-01 00:00:00', '2000-01-01 00:00:00', '', 0, '', 0, ''),
(462, 20, 8, 45, 'Удлинитель бежевый x5 1,5м', '', 'd105', '', '', '', '2000-01-01 00:00:00', '2000-01-01 00:00:00', '', 0, '', 0, ''),
(463, 14, 8, 45, 'Trancend 8gb', '', 'd192', '', '', '', '2000-01-01 00:00:00', '2000-01-01 00:00:00', '', 0, '', 1, 'без крышечки'),
(464, 27, 5, 23, 'Кресло на колесиках среднее цв. серый', '', '475', '', '', '', '2000-01-01 00:00:00', '2000-01-01 00:00:00', '', 0, '', 0, ''),
(465, 2, 5, 21, 'Мышка Gembird USB', '', 'A22', '', '', '', '2000-01-01 00:00:00', '2000-01-01 00:00:00', '', 0, '', 0, ''),
(466, 10, 5, 19, 'Nokia X1-01 на 2симки', '', '139', '', '', '', '2000-01-01 00:00:00', '2000-01-01 00:00:00', '', 0, '', 0, ''),
(467, 26, 8, 45, 'Паяльник китайский 25Вт 220В', '', 'd193', '', '', '', '2000-01-01 00:00:00', '2000-01-01 00:00:00', '', 0, '', 0, ''),
(468, 23, 1, 1, 'Электрочайник Livestar 1,8L 2KW', '', '71', '', '', '', '2000-01-01 00:00:00', '2000-01-01 00:00:00', '', 0, '', 0, ''),
(469, 11, 1, 1, 'Роутер TP-Link WR-340G v4.0', '12368888039', '341', '', '', '', '2000-01-01 00:00:00', '2000-01-01 00:00:00', '', 0, '', 0, ''),
(470, 23, 1, 1, 'Кофемашинка BROWN 650W', '', 'd194', '', '', '', '2000-01-01 00:00:00', '2000-01-01 00:00:00', '', 0, '', 0, ''),
(471, 27, 1, 1, 'Заград. дерев. перегородка из 2х секций серая', '', '331', '', '', '', '2000-01-01 00:00:00', '2000-01-01 00:00:00', '', 0, '', 0, ''),
(472, 20, 1, 1, 'Удлинитель на 3 вилки 3м белый', '', 'А157', '', '', '', '2000-01-01 00:00:00', '2000-01-01 00:00:00', '', 0, '', 0, ''),
(473, 27, 1, 1, 'кухонный стол-тумба серый', '', '339', '', '', '', '2000-01-01 00:00:00', '2000-01-01 00:00:00', '', 0, '', 0, ''),
(474, 23, 1, 1, 'Микроволновка SAMSUNG 800W', '', 'd195', '', '', '', '2000-01-01 00:00:00', '2000-01-01 00:00:00', '', 0, '', 0, ''),
(475, 12, 1, 1, 'Epson WP-4530', '*NUBY188691*', '38', 'A4-EE-88-88-67-88', '192.168.1.148', '', '2000-01-01 00:00:00', '2000-01-01 00:00:00', '', 0, '', 0, ''),
(476, 29, 1, 1, 'Кондиционер DELFA', '', '333', '', '', '', '2000-01-01 00:00:00', '2000-01-01 00:00:00', '', 0, '', 0, ''),
(477, 23, 1, 1, 'Масляный электро-обогреватель ELEMENT', '', 'A352', '', '', '', '2000-01-01 00:00:00', '2000-01-01 00:00:00', '', 0, '', 0, ''),
(478, 25, 17, 78, 'Доска для рисования офисная ~120*90см', '', '267', '', '', '', '2000-01-01 00:00:00', '2000-01-01 00:00:00', '', 0, '', 0, ''),
(479, 25, 17, 81, 'Калькулятор большой SITIZEN SDC-250N', '', '188', '', '', '', '2000-01-01 00:00:00', '2000-01-01 00:00:00', '', 0, '', 0, ''),
(480, 27, 17, 81, 'Стол директора темнокоричн. декор', '', '270-5', '', '', '', '2000-01-01 00:00:00', '2000-01-01 00:00:00', '', 0, '', 0, ''),
(481, 27, 17, 78, 'Тумба темно-коричневая декор', '', '271', '', '', '', '2000-01-01 00:00:00', '2000-01-01 00:00:00', '', 0, '', 0, ''),
(482, 2, 17, 81, 'Мышка Genius NetScroll 120 black', '', 'd196', '', '', '', '2000-01-01 00:00:00', '2000-01-01 00:00:00', '', 0, '', 0, ''),
(483, 3, 17, 81, 'Клавиатура Genius Slimstar 1220', '', '266', '', '', '', '2000-01-01 00:00:00', '2000-01-01 00:00:00', '', 0, '', 0, ''),
(484, 5, 17, 81, 'Монитор Acer G235H', '', '268', '', '', '', '2000-01-01 00:00:00', '2000-01-01 00:00:00', '', 0, '', 0, ''),
(485, 20, 17, 81, 'Удлинитель серый x5', '', '276', '', '', '', '2000-01-01 00:00:00', '2000-01-01 00:00:00', '', 0, '', 0, ''),
(486, 1, 17, 81, 'IntelG2030-3Ghz-H61-MA-4Gb-500Gb', '', 'A223', '90-88-88-87-2c-88', '192.168.1.100', '', '2000-01-01 00:00:00', '2000-01-01 00:00:00', '', 0, '', 0, ''),
(487, 15, 17, 81, 'Колонки маленькие SVEN 230 5W', '', '352', '', '', '', '2000-01-01 00:00:00', '2000-01-01 00:00:00', '', 0, '', 0, ''),
(488, 11, 17, 81, 'Wi-Fi адаптер TP-Link TL-WN721N', '', 'А222', '90-f6-52-88-2c-88', '', '', '2000-01-01 00:00:00', '2000-01-01 00:00:00', '', 0, '', 0, ''),
(489, 20, 17, 81, 'Удлинитель SVITTEX бежевый x5', '', '317', '', '', '', '2000-01-01 00:00:00', '2000-01-01 00:00:00', '', 0, '', 0, ''),
(490, 27, 17, 81, 'Сейф AIKO малый', '', 'd207', '', '', '', '2000-01-01 00:00:00', '2000-01-01 00:00:00', '', 0, '', 0, ''),
(491, 27, 17, 78, 'Полка настенная декор', '', '272', '', '', '', '2000-01-01 00:00:00', '2000-01-01 00:00:00', '', 0, '', 0, ''),
(492, 1, 17, 78, 'Nettop PC model Shell', '3quat000918', 'd199', '00-e0-4c-62-f2-88', '192.168.1.109', '', '2000-01-01 00:00:00', '2000-01-01 00:00:00', '', 0, '', 0, ''),
(493, 1, 17, 78, 'Dinstar DWG-2000C 8G', 'DA88-0013-0400-2072', '273', 'f8-a0-3d-88-15-e0', '192.168.1.111', '', '2000-01-01 00:00:00', '2000-01-01 00:00:00', '', 0, '', 0, ''),
(494, 1, 17, 78, 'GOIP4 ', 'GOIP4E9T12028882', 'd200', '66-66-6d-91-88-cf', '192.168.1.107', '', '2000-01-01 00:00:00', '2000-01-01 00:00:00', '', 0, '', 0, ''),
(495, 1, 17, 78, 'DINSTAR DWG2000-4G', 'D0024886088885', 'd201', '00-1f-d6-88-88-46', '192.168.1.108', '', '2000-01-01 00:00:00', '2000-01-01 00:00:00', '', 0, '', 0, ''),
(496, 1, 17, 78, 'Dinstar DWG-2000C-8G', 'DA00-0013-0100-5760', 'd202', 'f8-88-3d-48-12-ca', '192.168.1.110', '', '2000-01-01 00:00:00', '2000-01-01 00:00:00', '', 0, '', 0, ''),
(497, 11, 17, 78, 'Свитч ASUS GIGAX 1008-G', '', 'd203', '', '', '', '2000-01-01 00:00:00', '2000-01-01 00:00:00', '', 0, '', 0, ''),
(498, 21, 17, 78, 'Блок бесперебойник Prologix U650', '', 'd204', '', '', '', '2000-01-01 00:00:00', '2000-01-01 00:00:00', '', 0, '', 0, ''),
(499, 27, 17, 78, 'Кресло Желто-серебристое большое', '', 'd205', '', '', '', '2000-01-01 00:00:00', '2000-01-01 00:00:00', '', 0, '', 0, ''),
(500, 27, 12, 39, 'Стол компьютерный бело-голубой', '', 'd206', '', '', '', '2000-01-01 00:00:00', '2000-01-01 00:00:00', '', 0, '', 0, ''),
(501, 27, 17, 78, 'Стул офисный зеленый в наборе девяти 9 штук', '', 'd198', '', '', '', '2000-01-01 00:00:00', '2000-01-01 00:00:00', '', 0, '', 0, ''),
(502, 29, 1, 1, 'Вентилятор для туалета DUOFA KHG-150', '', 'А411', '', '', '', '2000-01-01 00:00:00', '2000-01-01 00:00:00', '', 0, '', 0, ''),
(503, 27, 1, 1, 'Шкаф тумба серый высокий', '', 'А374', '', '', '', '2000-01-01 00:00:00', '2000-01-01 00:00:00', '', 0, '', 0, ''),
(504, 27, 1, 1, 'Шкаф тумба серый высокий', '', '338', '', '', '', '2000-01-01 00:00:00', '2000-01-01 00:00:00', '', 0, '', 0, ''),
(505, 28, 1, 9, 'Вентилятор ZalmanCNPC10X', '', 'd208', '', '', '', '2000-01-01 00:00:00', '2000-01-01 00:00:00', '', 0, '', 0, ''),
(506, 20, 1, 9, 'Удлинитель x3 10м белый', '', 'd209', '', '', '', '2000-01-01 00:00:00', '2000-01-01 00:00:00', '', 0, '', 0, ''),
(507, 21, 1, 9, 'Бесперебойник ProLogix 650W', '', 'd210', '', '', '', '2000-01-01 00:00:00', '2000-01-01 00:00:00', '', 0, '', 0, ''),
(508, 29, 1, 1, 'Тепловентилятор ROTEX', '', 'd211', '', '', '', '2000-01-01 00:00:00', '2000-01-01 00:00:00', '', 0, '', 0, ''),
(509, 25, 1, 1, 'Доска обьявлений', '', '236', '', '', '', '2000-01-01 00:00:00', '2000-01-01 00:00:00', '', 0, '', 0, ''),
(510, 24, 1, 1, 'Противопожарный баллон порошковый ВП-5(3)', '', 'd212', '', '', '', '2000-01-01 00:00:00', '2000-01-01 00:00:00', '', 0, '', 0, ''),
(511, 22, 1, 9, 'Лампы-набор дневного света 18Вт короткие 9шт', '', 'd213', '', '', '', '2000-01-01 00:00:00', '2000-01-01 00:00:00', '', 0, '', 0, ''),
(512, 27, 1, 9, 'Комплект раздвижных штор', '', 'd214', '', '', '', '2000-01-01 00:00:00', '2000-01-01 00:00:00', '', 0, '', 0, ''),
(513, 29, 1, 9, 'Тепловентилятор EUROPLUS 2000W', '', '277', '', '', '', '2000-01-01 00:00:00', '2000-01-01 00:00:00', '', 0, '', 1, 'дует но не греет'),
(514, 20, 1, 1, 'Удлинитель x3 1,5м белый', '', 'А370', '', '', '', '2000-01-01 00:00:00', '2000-01-01 00:00:00', '', 0, '', 0, ''),
(515, 3, 1, 9, 'Клавиатура ', '', 'А121', '', '', '', '2000-01-01 00:00:00', '2000-01-01 00:00:00', '', 0, '', 1, 'отключается произвольно'),
(516, 17, 1, 9, 'Подвижная ИК подсв камера LUX-42CN', '', 'А245', '', '', '', '2000-01-01 00:00:00', '2000-01-01 00:00:00', '', 0, '', 0, ''),
(517, 21, 1, 9, 'Блок питания 12в', '', 'А248', '', '', '', '2000-01-01 00:00:00', '2000-01-01 00:00:00', '', 0, '', 1, 'отсутствуют и оборваны провода'),
(518, 28, 1, 9, 'БП копьютерный FRIME488W', '', 'А143', '', '', '', '2000-01-01 00:00:00', '2000-01-01 00:00:00', '', 0, '', 1, 'не проверял - но видно что неравильно собран'),
(519, 2, 1, 9, 'мышка Gembird black-silver ps/2', '', '402', '', '', '', '2000-01-01 00:00:00', '2000-01-01 00:00:00', '', 0, '', 1, 'плохая кнопка'),
(520, 17, 1, 9, 'Корпусная камера 208C', '', 'А151', '', '', '', '2000-01-01 00:00:00', '2000-01-01 00:00:00', '', 0, '', 1, 'разбиралась и нет болтика'),
(521, 17, 1, 9, 'Корпусная камера 208C', '', 'А146', '', '', '', '2000-01-01 00:00:00', '2000-01-01 00:00:00', '', 0, '', 1, 'нет держателя'),
(522, 17, 1, 9, 'Корпусная камера 208C', '', 'А149', '', '', '', '2000-01-01 00:00:00', '2000-01-01 00:00:00', '', 0, '', 1, 'следы разборки корпуса'),
(523, 17, 1, 9, 'Корпусная камера 208C', '', 'А148', '', '', '', '2000-01-01 00:00:00', '2000-01-01 00:00:00', '', 0, '', 1, 'нет держателя'),
(524, 17, 1, 9, 'Корпусная камера 208C', '', 'А150', '', '', '', '2000-01-01 00:00:00', '2000-01-01 00:00:00', '', 0, '', 1, 'разбиралась и нет болтика'),
(525, 20, 1, 9, 'БП с ноутбука разобран без корпуса', '', 'А249', '', '', '', '2000-01-01 00:00:00', '2000-01-01 00:00:00', '', 0, '', 1, 'следы воздействия воды'),
(526, 28, 1, 9, 'Звуковая карта USB', '', 'А227', '', '', '', '2000-01-01 00:00:00', '2000-01-01 00:00:00', '', 0, '', 1, 'не видит комп'),
(527, 28, 1, 9, 'Звуковая карта USB', '', 'А229', '', '', '', '2000-01-01 00:00:00', '2000-01-01 00:00:00', '', 0, '', 1, 'не правильно определяется в Linux'),
(528, 2, 1, 9, 'мышка SVEN usb black', '', 'А244', '', '', '', '2000-01-01 00:00:00', '2000-01-01 00:00:00', '', 0, '', 0, ''),
(529, 16, 1, 9, 'Науники ACME', '', 'В25', '', '', '', '2000-01-01 00:00:00', '2000-01-01 00:00:00', '', 0, '', 1, 'разломаны'),
(531, 31, 1, 9, 'Гарнитура', '', '185', '', '', '', '2000-01-01 00:00:00', '2000-01-01 00:00:00', '', 0, '', 1, 'разломаном сост'),
(532, 16, 1, 9, 'Гарнитура PRO', '', 'А08', '', '', '', '2000-01-01 00:00:00', '2000-01-01 00:00:00', '', 0, '', 1, 'разломаны'),
(533, 16, 1, 9, 'Гарнитура Gemix HP-909MV', '', 'А137', '', '', '', '2000-01-01 00:00:00', '2000-01-01 00:00:00', '', 0, '', 1, 'нет звука'),
(534, 16, 1, 9, 'Гарнитура', '', 'А08', '', '', '', '2000-01-01 00:00:00', '2000-01-01 00:00:00', '', 0, '', 1, 'разломаном сост'),
(535, 16, 1, 9, 'Гарнитура', '', '387', '', '', '', '2000-01-01 00:00:00', '2000-01-01 00:00:00', '', 0, '', 1, 'разломаном сост'),
(536, 2, 1, 9, 'Мышка  Gembird usb black', '', 'А413', '', '', '', '2000-01-01 00:00:00', '2000-01-01 00:00:00', '', 0, '', 1, 'не работает правая кнопка'),
(537, 2, 1, 9, 'Мышка usb black', '', 'А74', '', '', '', '2000-01-01 00:00:00', '2000-01-01 00:00:00', '', 0, '', 1, 'не работают кнопки'),
(539, 2, 1, 9, 'Мышка usb', '', 'А136', '', '', '', '2000-01-01 00:00:00', '2000-01-01 00:00:00', '', 0, '', 1, 'не работает и скроллинг и глючит'),
(540, 2, 1, 9, 'Мышка usb', '', '395', '', '', '', '2000-01-01 00:00:00', '2000-01-01 00:00:00', '', 0, '', 1, 'не работает'),
(541, 2, 1, 9, 'Мышка usb', '', 'А131', '', '', '', '2000-01-01 00:00:00', '2000-01-01 00:00:00', '', 0, '', 0, ''),
(542, 20, 1, 9, 'Зарядка для аккумуляторов Canon', '', 'А238', '', '', '', '2000-01-01 00:00:00', '2000-01-01 00:00:00', '', 0, '', 0, ''),
(543, 20, 1, 9, 'БП 11v 180mA', '', 'А237', '', '', '', '2000-01-01 00:00:00', '2000-01-01 00:00:00', '', 0, '', 0, ''),
(544, 17, 1, 9, 'Веькамера USB  Genius без крепления', '', 'А281', '', '', '', '2000-01-01 00:00:00', '2000-01-01 00:00:00', '', 0, '', 0, ''),
(545, 16, 1, 9, 'Гарнитура моя рабочая', '', 'А29', '', '', '', '2000-01-01 00:00:00', '2000-01-01 00:00:00', '', 0, '', 0, ''),
(546, 9, 1, 9, 'Датчик SWAN QUAD Ukr', '', 'А253', '', '', '', '2000-01-01 00:00:00', '2000-01-01 00:00:00', '', 0, '', 1, 'переделывались - проверить нет возможности'),
(548, 9, 1, 9, 'Датчик движения', '', 'А251', '', '', '', '2000-01-01 00:00:00', '2000-01-01 00:00:00', '', 0, '', 1, 'лежит в коробке - проверить нет возможности'),
(549, 9, 1, 9, 'Датчик движения', '', 'А255', '', '', '', '2000-01-01 00:00:00', '2000-01-01 00:00:00', '', 0, '', 1, 'хранится  - проверить нет возможности'),
(550, 9, 1, 9, 'Датчик движения', '', 'А252', '', '', '', '2000-01-01 00:00:00', '2000-01-01 00:00:00', '', 0, '', 1, 'хранится  - проверить нет возможности'),
(551, 9, 1, 9, 'Датчик движения', '', 'А254', '', '', '', '2000-01-01 00:00:00', '2000-01-01 00:00:00', '', 0, '', 1, 'хранится  - проверить нет возможности'),
(552, 11, 1, 9, 'Роутер TP-LINK TL-WR340G ver4.0', '', 'А100', '', '', '', '2000-01-01 00:00:00', '2000-01-01 00:00:00', '', 0, '', 0, 'не проверял еше'),
(553, 11, 1, 9, 'Роутер TP-LINK TL-WR340G ver3.1', '', 'А140', '', '', '', '2000-01-01 00:00:00', '2000-01-01 00:00:00', '', 0, '', 0, 'примотана антенна'),
(554, 31, 1, 9, 'Роутер TP-LINK TL-WR741ТВ ver1.6', '', 'А400', '', '', '', '2000-01-01 00:00:00', '2000-01-01 00:00:00', '', 0, '', 0, 'не проверял еше'),
(555, 28, 1, 9, 'USB блок расширения', '', '278', '', '', '', '2000-01-01 00:00:00', '2000-01-01 00:00:00', '', 0, '', 1, 'Заметно что нет ввходного разьема'),
(556, 17, 1, 9, 'LCD-TV монитор настенный', '', '211', '', '', '', '2000-01-01 00:00:00', '2000-01-01 00:00:00', '', 0, '', 0, ''),
(557, 29, 1, 1, 'Теплообогреватель UFO', '', '353-2', '', '', '', '2000-01-01 00:00:00', '2000-01-01 00:00:00', '', 0, '', 0, ''),
(558, 20, 1, 1, 'Удлинитель x5 1.5m серый', '', 'А175', '', '', '', '2000-01-01 00:00:00', '2000-01-01 00:00:00', '', 0, '', 0, ''),
(559, 29, 1, 1, 'Вентилятор большой на ножке', '', '218', '', '', '', '2000-01-01 00:00:00', '2000-01-01 00:00:00', '', 0, '', 0, ''),
(560, 5, 1, 8, 'Монитор ASUS', '', 'А19', '', '', '', '2000-01-01 00:00:00', '2000-01-01 00:00:00', '', 0, '', 0, ''),
(561, 2, 1, 8, 'Мышка Logitech USB', '', 'А23', '', '', '', '2000-01-01 00:00:00', '2000-01-01 00:00:00', '', 0, '', 0, ''),
(562, 3, 1, 8, 'Клавиатура Hardity USB  Black', '', '354', '', '', '', '2000-01-01 00:00:00', '2000-01-01 00:00:00', '', 0, '', 0, ''),
(563, 1, 1, 8, 'IntelG1820@2.7GHz-4Gb-500Gb', '', 'А24', 'e0-3f-49-88-91-88', '192.168.1.123', '', '2000-01-01 00:00:00', '2000-01-01 00:00:00', '', 0, '', 0, ''),
(564, 3, 1, 7, 'Клавиатура A4Tech', '', 'А114', '', '', '', '2000-01-01 00:00:00', '2000-01-01 00:00:00', '', 0, '', 0, ''),
(565, 5, 1, 7, 'Монитор LG FLATRON W1943', '', 'А60', '', '', '', '2000-01-01 00:00:00', '2000-01-01 00:00:00', '', 0, '', 0, ''),
(566, 15, 1, 7, 'Колонки SVEN маленькие', '', 'А318', '', '', '', '2000-01-01 00:00:00', '2000-01-01 00:00:00', '', 0, '', 1, 'не работает нормально регулятор громкости'),
(567, 1, 1, 7, 'AMDPhenomIIX2@511-4Gb-500Gb', '', 'А112', 'd4-3d-88-88-71-6b', '192.168.1.130', '', '2000-01-01 00:00:00', '2000-01-01 00:00:00', '', 0, '', 0, ''),
(568, 27, 1, 7, 'Стул серый', '', 'А355', '', '', '', '2000-01-01 00:00:00', '2000-01-01 00:00:00', '', 0, '', 0, ''),
(569, 27, 1, 8, 'Стул серый', '', '25', '', '', '', '2000-01-01 00:00:00', '2000-01-01 00:00:00', '', 0, '', 0, ''),
(570, 27, 1, 6, 'Стул серый', '', 'А356', '', '', '', '2000-01-01 00:00:00', '2000-01-01 00:00:00', '', 0, '', 0, ''),
(571, 5, 1, 6, 'Монитор LG FLATRON W1943C', '', 'А70', '', '', '', '2000-01-01 00:00:00', '2000-01-01 00:00:00', '', 0, '', 0, ''),
(572, 2, 1, 6, 'Genius NetScroll 100X', '', 'А135', '', '', '', '2000-01-01 00:00:00', '2000-01-01 00:00:00', '', 0, '', 0, ''),
(573, 3, 1, 6, 'Клавиатура Genius KB-06X черная', '', 'А130', '', '', '', '2000-01-01 00:00:00', '2000-01-01 00:00:00', '', 0, '', 0, ''),
(574, 15, 1, 6, 'Колонки Defender SPK-165', '', 'А20', '', '', '', '2000-01-01 00:00:00', '2000-01-01 00:00:00', '', 0, '', 0, ''),
(576, 1, 1, 6, 'IntelCeleronE3400@2.6GHZ-2Gb-500Gb', '', 'А71', '8c-89-83-65-88-67', '192.168.1.141', '', '2000-01-01 00:00:00', '2000-01-01 00:00:00', '', 0, '', 0, ''),
(577, 20, 1, 1, 'Удлинитель x5 3m чёрный', '', 'd215', '', '', '', '2000-01-01 00:00:00', '2000-01-01 00:00:00', '', 0, '', 0, ''),
(578, 20, 1, 1, 'Удлинитель x5 1.5m серый', '', 'А242', '', '', '', '2000-01-01 00:00:00', '2000-01-01 00:00:00', '', 0, '', 0, ''),
(579, 27, 1, 5, 'Кресло вишнёвое маленькое', '', 'А36', '', '', '', '2000-01-01 00:00:00', '2000-01-01 00:00:00', '', 0, '', 0, ''),
(580, 2, 1, 5, 'Мышка DELL usb', '', 'В30', '', '', '', '2000-01-01 00:00:00', '2000-01-01 00:00:00', '', 0, '', 0, ''),
(581, 3, 1, 5, 'Клавиатура Genius KB-06XE черная', '', '191', '', '', '', '2000-01-01 00:00:00', '2000-01-01 00:00:00', '', 0, '', 0, ''),
(582, 5, 1, 5, 'Монитор Acer G225HDV', '', 'А30', '', '', '', '2000-01-01 00:00:00', '2000-01-01 00:00:00', '', 0, '', 0, ''),
(583, 20, 1, 1, 'Удлинитель x5 3m белый', '', 'А225', '', '', '', '2000-01-01 00:00:00', '2000-01-01 00:00:00', '', 0, '', 0, ''),
(584, 15, 1, 5, 'Колонки SVEN маленькие', '', 'd216', '', '', '', '2000-01-01 00:00:00', '2000-01-01 00:00:00', '', 0, '', 0, ''),
(585, 1, 1, 5, 'AMDAtlonIIX2_250u-4Gb-500Gb', '', 'А34', '00-25-88-ee-84-b9', '192.168.1.125', '', '2000-01-01 00:00:00', '2000-01-01 00:00:00', '', 0, '', 0, ''),
(586, 16, 1, 5, 'Наушники Logitech', '', 'd217', '', '', '', '2000-01-01 00:00:00', '2000-01-01 00:00:00', '', 0, '', 0, ''),
(587, 25, 1, 5, 'Калькулятор Kenko KK-837B', '', 'd218', '', '', '', '2000-01-01 00:00:00', '2000-01-01 00:00:00', '', 0, '', 0, ''),
(588, 10, 1, 5, 'Телефон CDMA TCTmodile с номером RUIM-7888861', '', 'А390', '', '', '', '2000-01-01 00:00:00', '2000-01-01 00:00:00', '', 0, '', 0, ''),
(589, 25, 1, 3, 'Калькулятор Sitizen  SDC-519', '', '300', '', '', '', '2000-01-01 00:00:00', '2000-01-01 00:00:00', '', 0, '', 0, ''),
(590, 2, 1, 3, 'Мышка Havic HV-M8000', '', 'd219', '', '', '', '2000-01-01 00:00:00', '2000-01-01 00:00:00', '', 0, '', 0, ''),
(591, 31, 1, 3, 'Клавиатура Hardity USB  Black', '', 'А86', '', '', '', '2000-01-01 00:00:00', '2000-01-01 00:00:00', '', 0, '', 0, ''),
(592, 27, 1, 1, 'Стул серый', '', 'А28', '', '', '', '2000-01-01 00:00:00', '2000-01-01 00:00:00', '', 0, '', 0, ''),
(593, 16, 1, 3, 'Наушники Logitech', '', 'd220', '', '', '', '2000-01-01 00:00:00', '2000-01-01 00:00:00', '', 0, '', 0, ''),
(594, 5, 1, 3, 'Монитор LG FLATRON W2243С', '', 'А91', '', '', '', '2000-01-01 00:00:00', '2000-01-01 00:00:00', '', 0, '', 0, ''),
(595, 15, 1, 3, 'Колонки Gembird маленькие', '', 'А26', '', '', '', '2000-01-01 00:00:00', '2000-01-01 00:00:00', '', 0, '', 0, ''),
(596, 1, 1, 3, 'AMDAtlonIIX2_250u-4Gb-500Gb', '', 'А41', '00-25-88-ee-84-c9', '192.168.1.138', '', '2000-01-01 00:00:00', '2000-01-01 00:00:00', '', 0, '', 0, ''),
(597, 25, 1, 2, 'Калькулятор Sitizen  SDC-519', '', '355', '', '', '', '2000-01-01 00:00:00', '2000-01-01 00:00:00', '', 0, '', 0, ''),
(598, 2, 1, 2, 'Мышка  Genius usb black', '', '307', '', '', '', '2000-01-01 00:00:00', '2000-01-01 00:00:00', '', 0, '', 0, ''),
(599, 3, 1, 2, 'Клавиатура Genius KB-06XE черная', '', '371', '', '', '', '2000-01-01 00:00:00', '2000-01-01 00:00:00', '', 0, '', 0, ''),
(600, 20, 1, 2, 'Удлинитель x5 3m белый', '', 'А172', '', '', '', '2000-01-01 00:00:00', '2000-01-01 00:00:00', '', 0, '', 0, ''),
(601, 5, 1, 2, 'Монитор LG FLATRON W2242', '', '363', '', '', '', '2000-01-01 00:00:00', '2000-01-01 00:00:00', '', 0, '', 0, ''),
(602, 15, 1, 2, 'Колонки Defender SPK-165', '', 'd221', '', '', '', '2000-01-01 00:00:00', '2000-01-01 00:00:00', '', 0, '', 0, ''),
(603, 1, 1, 2, 'AMDAtlonIIX2_245-4Gb-500Gb', '', 'А92', 'd4-3d-7e-18-88-c9', '192.168.1.136', '', '2000-01-01 00:00:00', '2000-01-01 00:00:00', '', 0, '', 0, ''),
(604, 16, 1, 2, 'Наушники Logitech большие', '', 'd222', '', '', '', '2000-01-01 00:00:00', '2000-01-01 00:00:00', '', 0, '', 0, ''),
(605, 20, 1, 1, 'Удлинитель x5 1.5m белый', '', 'А171', '', '', '', '2000-01-01 00:00:00', '2000-01-01 00:00:00', '', 0, '', 0, ''),
(606, 20, 1, 1, 'Удлинитель x5 3m серый', '', 'А170', '', '', '', '2000-01-01 00:00:00', '2000-01-01 00:00:00', '', 0, '', 0, ''),
(607, 11, 1, 1, 'Свитч Gembird 8 портов', '', 'd223', '', '', '', '2000-01-01 00:00:00', '2000-01-01 00:00:00', '', 0, '', 0, ''),
(608, 27, 1, 1, 'Стул серый', '', '270', '', '', '', '2000-01-01 00:00:00', '2000-01-01 00:00:00', '', 0, '', 0, ''),
(609, 27, 1, 1, 'Стул серый', '', 'А27', '', '', '', '2000-01-01 00:00:00', '2000-01-01 00:00:00', '', 0, '', 0, ''),
(610, 2, 1, 4, 'Genius NetScroll100 USB Black', '', 'А31', '', '', '', '2000-01-01 00:00:00', '2000-01-01 00:00:00', '', 0, '', 0, ''),
(611, 3, 1, 4, 'Клавиатура Geius KB110X black', '', 'А243', '', '', '', '2000-01-01 00:00:00', '2000-01-01 00:00:00', '', 0, '', 0, '');

-- --------------------------------------------------------

--
-- Table structure for table `user`
--

CREATE TABLE IF NOT EXISTS `user` (
  `id` bigint(21) unsigned NOT NULL AUTO_INCREMENT,
  `person_id` bigint(21) unsigned NOT NULL,
  `company_id` bigint(21) unsigned NOT NULL,
  `title` varchar(45) NOT NULL,
  `email` varchar(64) DEFAULT NULL,
  `login` varchar(21) DEFAULT NULL,
  `pass_hash` varchar(64) DEFAULT NULL,
  `ava_link` varchar(256) DEFAULT NULL,
  `t_lastlogin` datetime NOT NULL DEFAULT '2000-01-01 00:00:00',
  `t_registered` datetime NOT NULL DEFAULT '2000-01-01 00:00:00',
  `current_session_id` varchar(64) DEFAULT NULL,
  `is_active` tinyint(1) unsigned NOT NULL,
  PRIMARY KEY (`id`),
  UNIQUE KEY `login_UNIQUE` (`login`),
  KEY `fk_user_company1_idx` (`company_id`),
  KEY `fk_user_person1_idx` (`person_id`)
) ENGINE=InnoDB  DEFAULT CHARSET=utf8 AUTO_INCREMENT=4 ;

--
-- Dumping data for table `user`
--

INSERT INTO `user` (`id`, `person_id`, `company_id`, `title`, `email`, `login`, `pass_hash`, `ava_link`, `t_lastlogin`, `t_registered`, `current_session_id`, `is_active`) VALUES
(1, 1, 1, 'admin', 'admin@smart.ru', 'admin', '$2y$14$Bw1PByJ5bxq624aPiNoi2O3HD24wvhIizZt9caPKVe5JiJ/nz.Nf2', '', '2000-01-01 00:00:00', '2016-06-01 00:00:00', '', 1),
(2, 29, 1, 'accountant', 'manager@smart.ru', 'work', '$2y$14$2X2pKuNeGdvCvrfcLEuEIO0OWZb6N6T3CylRbDG6I8rMiAQfRY4sW', '', '2000-01-01 00:00:00', '2000-01-01 00:00:00', '', 1),
(3, 2, 1, 'director', 'sklad@smart.ru', 'director', '$2y$14$zOQMaGuaCG08g1dwwZRIY.NoS274qA9mfwNBnIFkR4pojT1AhQLAO', NULL, '2000-01-01 00:00:00', '2000-01-01 00:00:00', NULL, 0);

-- --------------------------------------------------------

--
-- Table structure for table `utype`
--

CREATE TABLE IF NOT EXISTS `utype` (
  `id` bigint(21) unsigned NOT NULL AUTO_INCREMENT,
  `name` varchar(45) NOT NULL,
  `short_name` varchar(8) DEFAULT NULL,
  PRIMARY KEY (`id`)
) ENGINE=InnoDB  DEFAULT CHARSET=utf8 COMMENT='Unit type' AUTO_INCREMENT=32 ;

--
-- Dumping data for table `utype`
--

INSERT INTO `utype` (`id`, `name`, `short_name`) VALUES
(1, 'PC mashine', 'PC'),
(2, 'Mouse', 'Mouse'),
(3, 'Keyboard', 'Keyboard'),
(4, 'PC Box (Net top)', 'Nettop'),
(5, 'Display', 'Display'),
(6, 'Notebook', 'Notebook'),
(7, 'Tab', 'Tab'),
(8, 'Smartphone', 'Smart'),
(9, 'Sensor', 'Tester'),
(10, 'Cellphone', 'phone'),
(11, 'Network device', 'Network'),
(12, 'Print station', 'Printer'),
(13, 'Building materials', 'Material'),
(14, 'Flash card', 'Flash'),
(15, 'Speaker', 'Speaker'),
(16, 'Headphones', 'Headset'),
(17, 'Videomonitoring', 'Video'),
(18, 'Wi-Fi antenna', 'Antenna'),
(19, 'Mechanic Tools', 'MechTool'),
(20, 'Electric extension AC', 'El.extAC'),
(21, 'Power Adapter', 'PowAdapt'),
(22, 'Electric  Lamp', 'El.Lamp'),
(23, 'Electrical Kettle', 'El.Kettl'),
(24, 'Firefighting', 'Firefigh'),
(25, 'Stationery', 'Offices'),
(26, 'Electrical tools', 'El.Tools'),
(27, 'Furniture', 'Meble'),
(28, 'PC detail', 'Detail'),
(29, 'Fan machine', 'Fan'),
(30, 'Storage mechanics', 'Storages'),
(31, 'Automobile', 'Car');

-- --------------------------------------------------------

--
-- Table structure for table `workplace`
--

CREATE TABLE IF NOT EXISTS `workplace` (
  `id` bigint(21) unsigned NOT NULL AUTO_INCREMENT,
  `emplacement_id` bigint(21) unsigned NOT NULL,
  `work_num` tinyint(8) unsigned NOT NULL,
  `description` varchar(45) DEFAULT NULL,
  PRIMARY KEY (`id`),
  KEY `fk_workplace_emplacement1_idx` (`emplacement_id`)
) ENGINE=InnoDB  DEFAULT CHARSET=utf8 AUTO_INCREMENT=82 ;

--
-- Dumping data for table `workplace`
--

INSERT INTO `workplace` (`id`, `emplacement_id`, `work_num`, `description`) VALUES
(1, 1, 0, 'Весь офис'),
(2, 1, 1, ''),
(3, 1, 2, ''),
(4, 1, 3, ''),
(5, 1, 4, NULL),
(6, 1, 5, NULL),
(7, 1, 6, NULL),
(8, 1, 7, NULL),
(9, 1, 99, 'Склад админа на КЦ'),
(10, 1, 8, 'Директор'),
(11, 1, 9, 'место зам. директора'),
(12, 2, 1, ''),
(13, 10, 1, '-в кабинете слева'),
(14, 10, 2, '-Возле принтера (в центре)'),
(15, 10, 99, '-Склад админа'),
(16, 9, 1, ''),
(17, 9, 2, ''),
(18, 5, 0, 'Весь офис'),
(19, 5, 1, 'Нач. отдела закупки'),
(20, 5, 2, ''),
(21, 5, 3, ''),
(22, 5, 4, ''),
(23, 5, 5, 'Роман Васин'),
(24, 5, 99, 'Для всего помещения'),
(25, 6, 0, 'Весь офис'),
(26, 6, 1, '(Чайник)'),
(27, 6, 2, '(Ирина)'),
(28, 6, 3, '(Елена)'),
(29, 6, 4, '(возле окна)'),
(30, 6, 5, '(Катя)'),
(31, 11, 0, 'Весь офис'),
(32, 11, 1, 'Ирина HR'),
(33, 11, 2, ''),
(34, 11, 3, ''),
(35, 2, 99, '-Склад админа'),
(36, 7, 0, 'Весь офис'),
(37, 7, 1, ''),
(38, 7, 2, ''),
(39, 12, 0, 'Весь офис'),
(40, 12, 1, 'Лена ЛЕШКА'),
(41, 12, 2, '?'),
(42, 8, 0, 'Весь офис'),
(43, 8, 1, '(Бывшего админа)'),
(44, 8, 2, 'Нач. отдела логистики'),
(45, 8, 99, 'Склад админа в логистике'),
(46, 7, 3, ''),
(47, 10, 0, 'Общее для размещения'),
(48, 11, 99, 'Склад админа в кабинете в углу'),
(49, 20, 1, 'Мерседес'),
(50, 20, 2, 'Богдан'),
(51, 13, 0, 'для всего офиса'),
(52, 13, 1, ''),
(53, 13, 2, ''),
(54, 13, 99, 'склад админа'),
(55, 6, 6, 'Ксения'),
(56, 18, 0, 'котел'),
(57, 18, 1, 'место для сторожа'),
(58, 19, 0, 'Для всего офиса'),
(59, 11, 5, ''),
(60, 1, 0, 'На все помещение'),
(61, 14, 1, 'Место видеонаблюдения'),
(62, 14, 2, 'Место заведующего складом'),
(63, 14, 3, 'Место для терминала'),
(64, 15, 99, 'склад админа'),
(65, 16, 99, 'склад админа'),
(66, 14, 0, 'Для всего помещения'),
(67, 16, 0, 'для всего помещения'),
(68, 6, 99, 'Склад админа'),
(69, 14, 99, 'В шкафу в дальнем углу'),
(70, 19, 1, '1'),
(71, 19, 2, '2'),
(72, 19, 3, '3'),
(73, 19, 4, '4'),
(74, 19, 5, '5'),
(75, 20, 0, 'улица двора'),
(76, 20, 111, 'то что не нашлось'),
(77, 5, 6, 'Возле окна'),
(78, 17, 0, 'для всего офиса'),
(79, 17, 1, 'место в углу слева'),
(80, 17, 2, 'За передним столом'),
(81, 17, 3, 'Место директора');

--
-- Constraints for dumped tables
--

--
-- Constraints for table `accounts`
--
ALTER TABLE `accounts`
  ADD CONSTRAINT `fk_accounts_position1` FOREIGN KEY (`position_id`) REFERENCES `position` (`id`) ON DELETE NO ACTION ON UPDATE NO ACTION,
  ADD CONSTRAINT `fk_accounts_software1` FOREIGN KEY (`software_id`) REFERENCES `software` (`id`) ON DELETE NO ACTION ON UPDATE NO ACTION;

--
-- Constraints for table `duties`
--
ALTER TABLE `duties`
  ADD CONSTRAINT `fk_duties_position1` FOREIGN KEY (`position_id`) REFERENCES `position` (`id`) ON DELETE NO ACTION ON UPDATE NO ACTION,
  ADD CONSTRAINT `fk_duties_scope1` FOREIGN KEY (`scope_id`) REFERENCES `scope` (`id`) ON DELETE NO ACTION ON UPDATE NO ACTION;

--
-- Constraints for table `emplacement`
--
ALTER TABLE `emplacement`
  ADD CONSTRAINT `fk_emplacement_location1` FOREIGN KEY (`location_id`) REFERENCES `location` (`id`) ON DELETE NO ACTION ON UPDATE NO ACTION;

--
-- Constraints for table `employee`
--
ALTER TABLE `employee`
  ADD CONSTRAINT `fk_employee_company1` FOREIGN KEY (`company_id`) REFERENCES `company` (`id`) ON DELETE NO ACTION ON UPDATE NO ACTION,
  ADD CONSTRAINT `fk_employee_person1` FOREIGN KEY (`person_id`) REFERENCES `person` (`id`) ON DELETE NO ACTION ON UPDATE NO ACTION,
  ADD CONSTRAINT `fk_employee_position1` FOREIGN KEY (`position_id`) REFERENCES `position` (`id`) ON DELETE NO ACTION ON UPDATE NO ACTION;

--
-- Constraints for table `location`
--
ALTER TABLE `location`
  ADD CONSTRAINT `fk_location_company1` FOREIGN KEY (`company_id`) REFERENCES `company` (`id`) ON DELETE NO ACTION ON UPDATE NO ACTION;

--
-- Constraints for table `position`
--
ALTER TABLE `position`
  ADD CONSTRAINT `fk_position_emplacement1` FOREIGN KEY (`emplacement_id`) REFERENCES `emplacement` (`id`) ON DELETE NO ACTION ON UPDATE NO ACTION;

--
-- Constraints for table `repeat`
--
ALTER TABLE `repeat`
  ADD CONSTRAINT `fk_repeats_tasks1` FOREIGN KEY (`tasks_id`) REFERENCES `tasks` (`id`) ON DELETE NO ACTION ON UPDATE NO ACTION;

--
-- Constraints for table `scope`
--
ALTER TABLE `scope`
  ADD CONSTRAINT `fk_scope_company1` FOREIGN KEY (`company_id`) REFERENCES `company` (`id`) ON DELETE NO ACTION ON UPDATE NO ACTION;

--
-- Constraints for table `software`
--
ALTER TABLE `software`
  ADD CONSTRAINT `fk_software_company1` FOREIGN KEY (`company_id`) REFERENCES `company` (`id`) ON DELETE NO ACTION ON UPDATE NO ACTION;

--
-- Constraints for table `status`
--
ALTER TABLE `status`
  ADD CONSTRAINT `fk_status_company1` FOREIGN KEY (`company_id`) REFERENCES `company` (`id`) ON DELETE NO ACTION ON UPDATE NO ACTION;

--
-- Constraints for table `tasks`
--
ALTER TABLE `tasks`
  ADD CONSTRAINT `fk_tasks_duties1` FOREIGN KEY (`duties_id`) REFERENCES `duties` (`id`) ON DELETE NO ACTION ON UPDATE NO ACTION,
  ADD CONSTRAINT `fk_tasks_position1` FOREIGN KEY (`position_id`) REFERENCES `position` (`id`) ON DELETE NO ACTION ON UPDATE NO ACTION,
  ADD CONSTRAINT `fk_tasks_status1` FOREIGN KEY (`status_id`) REFERENCES `status` (`id`) ON DELETE NO ACTION ON UPDATE NO ACTION;

--
-- Constraints for table `units`
--
ALTER TABLE `units`
  ADD CONSTRAINT `fk_units_emplacement1` FOREIGN KEY (`emplacement_id`) REFERENCES `emplacement` (`id`) ON DELETE NO ACTION ON UPDATE NO ACTION,
  ADD CONSTRAINT `fk_units_utype1` FOREIGN KEY (`utype_id`) REFERENCES `utype` (`id`) ON DELETE NO ACTION ON UPDATE NO ACTION,
  ADD CONSTRAINT `fk_units_workplace1` FOREIGN KEY (`workplace_id`) REFERENCES `workplace` (`id`) ON DELETE NO ACTION ON UPDATE NO ACTION;

--
-- Constraints for table `user`
--
ALTER TABLE `user`
  ADD CONSTRAINT `fk_user_company1` FOREIGN KEY (`company_id`) REFERENCES `company` (`id`) ON DELETE NO ACTION ON UPDATE NO ACTION,
  ADD CONSTRAINT `fk_user_person1` FOREIGN KEY (`person_id`) REFERENCES `person` (`id`) ON DELETE NO ACTION ON UPDATE NO ACTION;

--
-- Constraints for table `workplace`
--
ALTER TABLE `workplace`
  ADD CONSTRAINT `fk_workplace_emplacement1` FOREIGN KEY (`emplacement_id`) REFERENCES `emplacement` (`id`) ON DELETE NO ACTION ON UPDATE NO ACTION;

/*!40101 SET CHARACTER_SET_CLIENT=@OLD_CHARACTER_SET_CLIENT */;
/*!40101 SET CHARACTER_SET_RESULTS=@OLD_CHARACTER_SET_RESULTS */;
/*!40101 SET COLLATION_CONNECTION=@OLD_COLLATION_CONNECTION */;
